date,ticker,future_stock_return,future_qqq_return,outperform_qqq_next_1m,ablation_model,predicted_probability
2024-07-31,AAPL,0.032353605269078,0.0110387541930649,1,full_optimised_model,0.6212440338229654
2024-07-31,ADBE,0.0412579492852254,0.0110387541930649,1,full_optimised_model,0.5312986084491823
2024-07-31,AMAT,-0.0686237039668253,0.0110387541930649,0,full_optimised_model,0.5293092509850751
2024-07-31,AMD,0.0282392161662903,0.0110387541930649,1,full_optimised_model,0.4015645738774417
2024-07-31,AMGN,0.0110819375300605,0.0110387541930649,1,full_optimised_model,0.49759642535665477
2024-07-31,AMZN,-0.045352422298136,0.0110387541930649,0,full_optimised_model,0.5336209103876217
2024-07-31,AVGO,0.0133185783428655,0.0110387541930649,1,full_optimised_model,0.4500141659576416
2024-07-31,COST,0.085620331358543,0.0110387541930649,1,full_optimised_model,0.5343974848434403
2024-07-31,CSCO,0.0431371435148633,0.0110387541930649,1,full_optimised_model,0.5143386747446034
2024-07-31,GOOG,-0.0464335721714519,0.0110387541930649,0,full_optimised_model,0.5245076152662499
2024-07-31,GOOGL,-0.0475689188191061,0.0110387541930649,0,full_optimised_model,0.5197381827243238
2024-07-31,INTU,-0.0264000316281816,0.0110387541930649,0,full_optimised_model,0.43593774865594187
2024-07-31,META,0.0978876100904015,0.0110387541930649,1,full_optimised_model,0.5517553913591041
2024-07-31,MSFT,-0.0010950338042321,0.0110387541930649,0,full_optimised_model,0.41238392291233816
2024-07-31,NFLX,0.1161773399876078,0.0110387541930649,1,full_optimised_model,0.430872913291361
2024-07-31,NVDA,0.0200822122400174,0.0110387541930649,1,full_optimised_model,0.44043905463982613
2024-07-31,PEP,0.0012160859646712,0.0110387541930649,0,full_optimised_model,0.48253381419945585
2024-07-31,QCOM,-0.0312242667899543,0.0110387541930649,0,full_optimised_model,0.574339426738224
2024-07-31,TSLA,-0.0773904690267696,0.0110387541930649,0,full_optimised_model,0.5685625108185423
2024-07-31,TXN,0.0516657354901359,0.0110387541930649,1,full_optimised_model,0.4606295570658719
2024-08-31,AAPL,0.0174671457188737,0.0262160295313964,0,full_optimised_model,0.6147425334774526
2024-08-31,ADBE,-0.0985880233548925,0.0262160295313964,0,full_optimised_model,0.5076205402030809
2024-08-31,AMAT,0.0242825726644042,0.0262160295313964,0,full_optimised_model,0.4986334043643252
2024-08-31,AMD,0.1044696050586542,0.0262160295313964,1,full_optimised_model,0.49388906870625426
2024-08-31,AMGN,-0.0348080606616325,0.0262160295313964,0,full_optimised_model,0.5546174952433612
2024-08-31,AMZN,0.0438655564764969,0.0262160295313964,1,full_optimised_model,0.38254100681326014
2024-08-31,AVGO,0.0629367290972977,0.0262160295313964,1,full_optimised_model,0.5737301516646001
2024-08-31,COST,-0.0065667126070291,0.0262160295313964,0,full_optimised_model,0.6270421424038561
2024-08-31,CSCO,0.0530273719178453,0.0262160295313964,1,full_optimised_model,0.49659185785903676
2024-08-31,GOOG,0.0139305272805616,0.0262160295313964,0,full_optimised_model,0.49513273378430217
2024-08-31,GOOGL,0.0164651610338451,0.0262160295313964,0,full_optimised_model,0.4963988236792078
2024-08-31,INTU,-0.0146923374199152,0.0262160295313964,0,full_optimised_model,0.5225316519442768
2024-08-31,META,0.0991273179879281,0.0262160295313964,1,full_optimised_model,0.5402480950017112
2024-08-31,MSFT,0.0315480912959345,0.0262160295313964,1,full_optimised_model,0.42161353012235214
2024-08-31,NFLX,0.0112925043526219,0.0262160295313964,0,full_optimised_model,0.5159378755169136
2024-08-31,NVDA,0.0174280680549436,0.0262160295313964,0,full_optimised_model,0.43131602590433016
2024-08-31,PEP,-0.0088794262922503,0.0262160295313964,0,full_optimised_model,0.43142477304775667
2024-08-31,QCOM,-0.0249354027347803,0.0262160295313964,0,full_optimised_model,0.5514799568405121
2024-08-31,TSLA,0.2219420117556314,0.0262160295313964,1,full_optimised_model,0.5171195499657407
2024-08-31,TXN,-0.036250617293745,0.0262160295313964,0,full_optimised_model,0.46127213857518823
2024-09-30,AAPL,-0.0304291846966061,-0.0086463559104306,0,full_optimised_model,0.5491889429417555
2024-09-30,ADBE,-0.0766735688483785,-0.0086463559104306,0,full_optimised_model,0.47875748809930163
2024-09-30,AMAT,-0.1013114774453455,-0.0086463559104306,0,full_optimised_model,0.5017106558801372
2024-09-30,AMD,-0.121952671157569,-0.0086463559104306,0,full_optimised_model,0.4389031676670129
2024-09-30,AMGN,-0.0063621979331132,-0.0086463559104306,1,full_optimised_model,0.5577459324515647
2024-09-30,AMZN,0.0003756349741959,-0.0086463559104306,1,full_optimised_model,0.4495921940252073
2024-09-30,AVGO,-0.015826247047905,-0.0086463559104306,0,full_optimised_model,0.43458005175130116
2024-09-30,COST,-0.0139195630400947,-0.0086463559104306,0,full_optimised_model,0.5125076410390033
2024-09-30,CSCO,0.036989338483875,-0.0086463559104306,1,full_optimised_model,0.5241512601933018
2024-09-30,GOOG,0.0328967713356791,-0.0086463559104306,1,full_optimised_model,0.5738345507739718
2024-09-30,GOOGL,0.0317151610345349,-0.0086463559104306,1,full_optimised_model,0.613366486805075
2024-09-30,INTU,-0.0155832292427423,-0.0086463559104306,0,full_optimised_model,0.5201112868865031
2024-09-30,META,-0.0084898937878576,-0.0086463559104306,1,full_optimised_model,0.5946906545958469
2024-09-30,MSFT,-0.0556588813617846,-0.0086463559104306,0,full_optimised_model,0.43761136134590156
2024-09-30,NFLX,0.0659268648650508,-0.0086463559104306,1,full_optimised_model,0.5026095031907415
2024-09-30,NVDA,0.093214607697996,-0.0086463559104306,1,full_optimised_model,0.4623228066551537
2024-09-30,PEP,-0.0233462090440089,-0.0086463559104306,0,full_optimised_model,0.4924179520569876
2024-09-30,QCOM,-0.0428109621341493,-0.0086463559104306,0,full_optimised_model,0.44319394247527183
2024-09-30,TSLA,-0.0450254120683647,-0.0086463559104306,0,full_optimised_model,0.4903160742921179
2024-09-30,TXN,-0.0100329261207495,-0.0086463559104306,0,full_optimised_model,0.5616891817761498
2024-10-31,AAPL,0.0517069693875071,0.0535082171626466,0,full_optimised_model,0.5370911161254976
2024-10-31,ADBE,0.0791708650573146,0.0535082171626466,1,full_optimised_model,0.5167938283436032
2024-10-31,AMAT,-0.0355718516640958,0.0535082171626466,0,full_optimised_model,0.38924439957962725
2024-10-31,AMD,-0.0478240737014196,0.0535082171626466,0,full_optimised_model,0.4862963652213544
2024-10-31,AMGN,-0.1094076991024316,0.0535082171626466,0,full_optimised_model,0.4950278292784704
2024-10-31,AMZN,0.1152897328156477,0.0535082171626466,1,full_optimised_model,0.5620212298610808
2024-10-31,AVGO,-0.0452964254728345,0.0535082171626466,0,full_optimised_model,0.45644043292712516
2024-10-31,COST,0.1132390045546267,0.0535082171626466,1,full_optimised_model,0.5512464733492475
2024-10-31,CSCO,0.0810663387539496,0.0535082171626466,1,full_optimised_model,0.5227398599186074
2024-10-31,GOOG,-0.012739669642318,0.0535082171626466,0,full_optimised_model,0.3976830020281764
2024-10-31,GOOGL,-0.0126233697468999,0.0535082171626466,0,full_optimised_model,0.4276918894658636
2024-10-31,INTU,0.0514992353002206,0.0535082171626466,0,full_optimised_model,0.4826243610881885
2024-10-31,META,0.0118749280096819,0.0535082171626466,0,full_optimised_model,0.48608788983756257
2024-10-31,MSFT,0.0441925051795559,0.0535082171626466,0,full_optimised_model,0.5253716027292372
2024-10-31,NFLX,0.1729825996151546,0.0535082171626466,1,full_optimised_model,0.5009541942660855
2024-10-31,NVDA,0.0413528974667274,0.0535082171626466,0,full_optimised_model,0.49135933082267724
2024-10-31,PEP,-0.0158357170842929,0.0535082171626466,0,full_optimised_model,0.3695893877044646
2024-10-31,QCOM,-0.0260489378629769,0.0535082171626466,0,full_optimised_model,0.4405071948780207
2024-10-31,TSLA,0.3814688622385136,0.0535082171626466,1,full_optimised_model,0.47226102289877864
2024-10-31,TXN,-0.0104842508736225,0.0535082171626466,0,full_optimised_model,0.49720793472581853
2024-11-30,AAPL,0.0551551975335746,0.0045404969264244,1,full_optimised_model,0.51141354205934
2024-11-30,ADBE,-0.1381001318230681,0.0045404969264244,0,full_optimised_model,0.5625527135356112
2024-11-30,AMAT,-0.069143213498102,0.0045404969264244,0,full_optimised_model,0.46381810222041014
2024-11-30,AMD,-0.1194780043398231,0.0045404969264244,0,full_optimised_model,0.4779331766246708
2024-11-30,AMGN,-0.0785870401414239,0.0045404969264244,0,full_optimised_model,0.4246696785551437
2024-11-30,AMZN,0.0553177162622697,0.0045404969264244,1,full_optimised_model,0.4512148213656005
2024-11-30,AVGO,0.4342371835268781,0.0045404969264244,1,full_optimised_model,0.5392798545181569
2024-11-30,COST,-0.0572188433973216,0.0045404969264244,0,full_optimised_model,0.5051579597377807
2024-11-30,CSCO,-0.0001689028922357,0.0045404969264244,0,full_optimised_model,0.4932935578887246
2024-11-30,GOOG,0.1182830573454472,0.0045404969264244,1,full_optimised_model,0.5322642879182957
2024-11-30,GOOGL,0.1217340405274778,0.0045404969264244,1,full_optimised_model,0.5095981772832916
2024-11-30,INTU,-0.0206161098739873,0.0045404969264244,0,full_optimised_model,0.4927478175794284
2024-11-30,META,0.0203063736401394,0.0045404969264244,1,full_optimised_model,0.605616107316458
2024-11-30,MSFT,-0.0046285135158982,0.0045404969264244,0,full_optimised_model,0.47429927253822407
2024-11-30,NFLX,0.0050856894888637,0.0045404969264244,1,full_optimised_model,0.5400246885260012
2024-11-30,NVDA,-0.0285769178431161,0.0045404969264244,0,full_optimised_model,0.674900482956742
2024-11-30,PEP,-0.0617636224787745,0.0045404969264244,0,full_optimised_model,0.47500205069546825
2024-11-30,QCOM,-0.0259032746563492,0.0045404969264244,0,full_optimised_model,0.510463620367498
2024-11-30,TSLA,0.1700080891563131,0.0045404969264244,1,full_optimised_model,0.5376171758591001
2024-11-30,TXN,-0.0672536799653069,0.0045404969264244,0,full_optimised_model,0.43335281195566494
2024-12-31,AAPL,-0.0575832864423716,0.0216339201740081,0,full_optimised_model,0.5444759028239988
2024-12-31,ADBE,-0.0162588391378818,0.0216339201740081,0,full_optimised_model,0.5818188543313336
2024-12-31,AMAT,0.108959053536314,0.0216339201740081,1,full_optimised_model,0.47754522462324106
2024-12-31,AMD,-0.0400695747214202,0.0216339201740081,0,full_optimised_model,0.5962915699092795
2024-12-31,AMGN,0.0950734275898357,0.0216339201740081,1,full_optimised_model,0.4789591398920555
2024-12-31,AMZN,0.083367488659539,0.0216339201740081,1,full_optimised_model,0.4883434492522811
2024-12-31,AVGO,-0.0455917646978838,0.0216339201740081,0,full_optimised_model,0.5297011678861142
2024-12-31,COST,0.0694227926245696,0.0216339201740081,1,full_optimised_model,0.5019367989294679
2024-12-31,CSCO,0.0306240014335366,0.0216339201740081,1,full_optimised_model,0.5694399148388777
2024-12-31,GOOG,0.0796050886702883,0.0216339201740081,1,full_optimised_model,0.48755309928687895
2024-12-31,GOOGL,0.0777601399116461,0.0216339201740081,1,full_optimised_model,0.49887848906921695
2024-12-31,INTU,-0.0413510438949052,0.0216339201740081,0,full_optimised_model,0.5419713508511239
2024-12-31,META,0.1770591800762093,0.0216339201740081,1,full_optimised_model,0.588078699511579
2024-12-31,MSFT,-0.015278774333898,0.0216339201740081,0,full_optimised_model,0.48826351365998427
2024-12-31,NFLX,0.0958578103881719,0.0216339201740081,1,full_optimised_model,0.4552647752645256
2024-12-31,NVDA,-0.1058901733604136,0.0216339201740081,0,full_optimised_model,0.4980735319543261
2024-12-31,PEP,-0.0090094029665265,0.0216339201740081,0,full_optimised_model,0.5217058700246786
2024-12-31,QCOM,0.1257000005641959,0.0216339201740081,1,full_optimised_model,0.5406159480058166
2024-12-31,TSLA,0.0018819576379678,0.0216339201740081,0,full_optimised_model,0.48298984644530785
2024-12-31,TXN,-0.0081852837773849,0.0216339201740081,0,full_optimised_model,0.4178179095253908
2025-01-31,AAPL,0.025872532730673,-0.0270347304314839,1,full_optimised_model,0.39475347294054247
2025-01-31,ADBE,0.0025373992926924,-0.0270347304314839,1,full_optimised_model,0.6003044202016511
2025-01-31,AMAT,-0.1215186459774313,-0.0270347304314839,0,full_optimised_model,0.37331380892758226
2025-01-31,AMD,-0.1387666818574638,-0.0270347304314839,0,full_optimised_model,0.5331281286741846
2025-01-31,AMGN,0.088041664608548,-0.0270347304314839,1,full_optimised_model,0.4905197097530927
2025-01-31,AMZN,-0.1068663525715117,-0.0270347304314839,0,full_optimised_model,0.5797729172595979
2025-01-31,AVGO,-0.0987030662758818,-0.0270347304314839,0,full_optimised_model,0.47337792939080864
2025-01-31,COST,0.0713234700383356,-0.0270347304314839,1,full_optimised_model,0.4837435660991818
2025-01-31,CSCO,0.057920856698409,-0.0270347304314839,1,full_optimised_model,0.6330761423769454
2025-01-31,GOOG,-0.1623541881738535,-0.0270347304314839,0,full_optimised_model,0.5650095822117392
2025-01-31,GOOGL,-0.1653760794155103,-0.0270347304314839,0,full_optimised_model,0.5939751064757354
2025-01-31,INTU,0.0204985488677544,-0.0270347304314839,1,full_optimised_model,0.43872580956732105
2025-01-31,META,-0.0304420047440421,-0.0270347304314839,0,full_optimised_model,0.5601525562027224
2025-01-31,MSFT,-0.0416180538185706,-0.0270347304314839,0,full_optimised_model,0.5272530759832441
2025-01-31,NFLX,0.0038903849838498,-0.0270347304314839,1,full_optimised_model,0.5586965462766108
2025-01-31,NVDA,0.0403930930624214,-0.0270347304314839,1,full_optimised_model,0.4338614201115122
2025-01-31,PEP,0.0184483478148462,-0.0270347304314839,1,full_optimised_model,0.5593223313535094
2025-01-31,QCOM,-0.091135242014198,-0.0270347304314839,0,full_optimised_model,0.4030536007747031
2025-01-31,TSLA,-0.2758773935575025,-0.0270347304314839,0,full_optimised_model,0.4257052688237925
2025-01-31,TXN,0.0616434593694261,-0.0270347304314839,1,full_optimised_model,0.5297475393006726
2025-02-28,AAPL,-0.0815002077582137,-0.075861917921729,0,full_optimised_model,0.4501534540975613
2025-02-28,ADBE,-0.1254788377545642,-0.075861917921729,0,full_optimised_model,0.5298794987131885
2025-02-28,AMAT,-0.0819259268794203,-0.075861917921729,0,full_optimised_model,0.5688763667514177
2025-02-28,AMD,0.0288403488465371,-0.075861917921729,1,full_optimised_model,0.6733650092296364
2025-02-28,AMGN,0.0113287924416656,-0.075861917921729,1,full_optimised_model,0.5627702249758183
2025-02-28,AMZN,-0.1037309421475672,-0.075861917921729,0,full_optimised_model,0.5678789306636086
2025-02-28,AVGO,-0.157916796394152,-0.075861917921729,0,full_optimised_model,0.5337517422825261
2025-02-28,COST,-0.0980630433997747,-0.075861917921729,0,full_optimised_model,0.5028436938725769
2025-02-28,CSCO,-0.0374356837994677,-0.075861917921729,1,full_optimised_model,0.47080138096743696
2025-02-28,GOOG,-0.0918128407056253,-0.075861917921729,0,full_optimised_model,0.5534954971272071
2025-02-28,GOOGL,-0.0908027332924799,-0.075861917921729,0,full_optimised_model,0.5709625511469649
2025-02-28,INTU,0.0002443853154583,-0.075861917921729,1,full_optimised_model,0.4817343242698768
2025-02-28,META,-0.1366765125057577,-0.075861917921729,0,full_optimised_model,0.5282173854101041
2025-02-28,MSFT,-0.05440932488195,-0.075861917921729,1,full_optimised_model,0.5600959845845593
2025-02-28,NFLX,-0.0489822286832742,-0.075861917921729,1,full_optimised_model,0.556761907913401
2025-02-28,NVDA,-0.1323249309931263,-0.075861917921729,0,full_optimised_model,0.4107094389443432
2025-02-28,PEP,-0.0143631255186652,-0.075861917921729,1,full_optimised_model,0.5161265356679349
2025-02-28,QCOM,-0.0173805787062544,-0.075861917921729,1,full_optimised_model,0.5332348088124935
2025-02-28,TSLA,-0.1154345213189201,-0.075861917921729,0,full_optimised_model,0.5521609927605154
2025-02-28,TXN,-0.0831165019436929,-0.075861917921729,0,full_optimised_model,0.491761878997595
2025-03-31,AAPL,-0.0433529542199339,0.01396820088766,0,full_optimised_model,0.5473366006079323
2025-03-31,ADBE,-0.0222928788365492,0.01396820088766,0,full_optimised_model,0.6441529108568109
2025-03-31,AMAT,0.0385198279174987,0.01396820088766,1,full_optimised_model,0.5468060490793017
2025-03-31,AMD,-0.0524625219166874,0.01396820088766,0,full_optimised_model,0.5637828677598951
2025-03-31,AMGN,-0.06621725021012,0.01396820088766,0,full_optimised_model,0.4420901921712475
2025-03-31,AMZN,-0.0306948202801552,0.01396820088766,0,full_optimised_model,0.6156505221538179
2025-03-31,AVGO,0.1495549814990862,0.01396820088766,1,full_optimised_model,0.5698931273579876
2025-03-31,COST,0.0515130090773394,0.01396820088766,1,full_optimised_model,0.5543735113176051
2025-03-31,CSCO,-0.0582494052851219,0.01396820088766,0,full_optimised_model,0.4658343819243249
2025-03-31,GOOG,0.0298277638405073,0.01396820088766,1,full_optimised_model,0.5413125490229752
2025-03-31,GOOGL,0.0269012401918948,0.01396820088766,1,full_optimised_model,0.5431565379878908
2025-03-31,INTU,0.0237395148215797,0.01396820088766,1,full_optimised_model,0.5347710919930296
2025-03-31,META,-0.0474701956279407,0.01396820088766,0,full_optimised_model,0.6252279411706235
2025-03-31,MSFT,0.0529314476776183,0.01396820088766,1,full_optimised_model,0.5546692076593102
2025-03-31,NFLX,0.2136016972136711,0.01396820088766,1,full_optimised_model,0.48806761856859066
2025-03-31,NVDA,0.004982410811787,0.01396820088766,0,full_optimised_model,0.5525047982955139
2025-03-31,PEP,-0.0957715916579042,0.01396820088766,0,full_optimised_model,0.5065355260003681
2025-03-31,QCOM,-0.03352658226324,0.01396820088766,0,full_optimised_model,0.5518908307849015
2025-03-31,TSLA,0.0887482623668549,0.01396820088766,1,full_optimised_model,0.5405882453915183
2025-03-31,TXN,-0.101750355941628,0.01396820088766,0,full_optimised_model,0.44527470667883035
2025-04-30,AAPL,-0.053584070052247,0.0917828863360947,0,full_optimised_model,0.5413141345865615
2025-04-30,ADBE,0.1069656626390811,0.0917828863360947,1,full_optimised_model,0.5673833333212105
2025-04-30,AMAT,0.0430345044558253,0.0917828863360947,0,full_optimised_model,0.48925873414848503
2025-04-30,AMD,0.1374422711097356,0.0917828863360947,1,full_optimised_model,0.6097889149597833
2025-04-30,AMGN,-0.0006642961736257,0.0917828863360947,0,full_optimised_model,0.41973927126405275
2025-04-30,AMZN,0.1116473080052216,0.0917828863360947,1,full_optimised_model,0.5858779572241078
2025-04-30,AVGO,0.2577025845783409,0.0917828863360947,1,full_optimised_model,0.5305283799430235
2025-04-30,COST,0.0472955172471543,0.0917828863360947,0,full_optimised_model,0.4573847218146125
2025-04-30,CSCO,0.0919798091198764,0.0917828863360947,1,full_optimised_model,0.4642487383055527
2025-04-30,GOOG,0.0743364719505135,0.0917828863360947,0,full_optimised_model,0.5684114110134999
2025-04-30,GOOGL,0.0814862453936164,0.0917828863360947,0,full_optimised_model,0.5725136875318786
2025-04-30,INTU,0.200806479494108,0.0917828863360947,1,full_optimised_model,0.4685783616543796
2025-04-30,META,0.1793988952886178,0.0917828863360947,1,full_optimised_model,0.6059099551718398
2025-04-30,MSFT,0.1668398736006513,0.0917828863360947,1,full_optimised_model,0.36618749924550303
2025-04-30,NFLX,0.0667214743745314,0.0917828863360947,0,full_optimised_model,0.44067947887719183
2025-04-30,NVDA,0.2406353870147419,0.0917828863360947,1,full_optimised_model,0.5225165101630267
2025-04-30,PEP,-0.0304617426747452,0.0917828863360947,0,full_optimised_model,0.5188271245740256
2025-04-30,QCOM,-0.0219586851077657,0.0917828863360947,0,full_optimised_model,0.5070369640376506
2025-04-30,TSLA,0.2278848417863253,0.0917828863360947,1,full_optimised_model,0.5066176289542357
2025-04-30,TXN,0.1424554208417205,0.0917828863360947,1,full_optimised_model,0.46006132992774146
2025-05-31,AAPL,0.0215085289391445,0.0638584828848247,0,full_optimised_model,0.4766343045005562
2025-05-31,ADBE,-0.0679611450624184,0.0638584828848247,0,full_optimised_model,0.43553192904834714
2025-05-31,AMAT,0.1679106738819673,0.0638584828848247,1,full_optimised_model,0.46413645889433147
2025-05-31,AMD,0.28149543569574,0.0638584828848247,1,full_optimised_model,0.5111806618500871
2025-05-31,AMGN,-0.0311262854478173,0.0638584828848247,0,full_optimised_model,0.5265232791709021
2025-05-31,AMZN,0.0701429455544566,0.0638584828848247,1,full_optimised_model,0.27156232368382976
2025-05-31,AVGO,0.1414003058186692,0.0638584828848247,1,full_optimised_model,0.5285995137035017
2025-05-31,COST,-0.0482994721044787,0.0638584828848247,0,full_optimised_model,0.47582824353671954
2025-05-31,CSCO,0.1005711983458699,0.0638584828848247,1,full_optimised_model,0.4584029689867891
2025-05-31,GOOG,0.0274992731836682,0.0638584828848247,0,full_optimised_model,0.3528317252569173
2025-05-31,GOOGL,0.0273863412731589,0.0638584828848247,0,full_optimised_model,0.3584407172612435
2025-05-31,INTU,0.0453369160230405,0.0638584828848247,0,full_optimised_model,0.4753567155242198
2025-05-31,META,0.140802054498849,0.0638584828848247,1,full_optimised_model,0.41046902889777337
2025-05-31,MSFT,0.0804805734668925,0.0638584828848247,1,full_optimised_model,0.512075050666556
2025-05-31,NFLX,0.1092583423100148,0.0638584828848247,1,full_optimised_model,0.5468303935949884
2025-05-31,NVDA,0.1692516955417806,0.0638584828848247,1,full_optimised_model,0.2987686867154429
2025-05-31,PEP,0.0155101802790666,0.0638584828848247,0,full_optimised_model,0.5362441443229103
2025-05-31,QCOM,0.1034205891671358,0.0638584828848247,1,full_optimised_model,0.4588885659150788
2025-05-31,TSLA,-0.0831264460638392,0.0638584828848247,0,full_optimised_model,0.4657131306788488
2025-05-31,TXN,0.1354663116087717,0.0638584828848247,1,full_optimised_model,0.3827856659220153
2025-06-30,AAPL,0.0116977010484968,0.0242369186733282,0,full_optimised_model,0.5096825409245742
2025-06-30,ADBE,-0.0754497572192908,0.0242369186733282,0,full_optimised_model,0.4610081803671221
2025-06-30,AMAT,-0.0164418137437969,0.0242369186733282,0,full_optimised_model,0.5118840395886216
2025-06-30,AMD,0.2424947508257919,0.0242369186733282,1,full_optimised_model,0.5341772304439948
2025-06-30,AMGN,0.0569106167026227,0.0242369186733282,1,full_optimised_model,0.4986725128830604
2025-06-30,AMZN,0.067095133149436,0.0242369186733282,1,full_optimised_model,0.27622201146280273
2025-06-30,AVGO,0.0654816803055005,0.0242369186733282,1,full_optimised_model,0.6233529897523921
2025-06-30,COST,-0.050811156751137,0.0242369186733282,0,full_optimised_model,0.46121114586977247
2025-06-30,CSCO,-0.0128365499704157,0.0242369186733282,0,full_optimised_model,0.4805047665928641
2025-06-30,GOOG,0.087208877525819,0.0242369186733282,1,full_optimised_model,0.5235937773421168
2025-06-30,GOOGL,0.088917909913164,0.0242369186733282,1,full_optimised_model,0.5028325827027574
2025-06-30,INTU,-0.0018251833716849,0.0242369186733282,0,full_optimised_model,0.5625862650274112
2025-06-30,META,0.047893857332087,0.0242369186733282,1,full_optimised_model,0.4867330778668536
2025-06-30,MSFT,0.0725558461078348,0.0242369186733282,1,full_optimised_model,0.6184238213305806
2025-06-30,NFLX,-0.1342139500795455,0.0242369186733282,0,full_optimised_model,0.6886334038969025
2025-06-30,NVDA,0.1258306729394935,0.0242369186733282,1,full_optimised_model,0.5514324011481334
2025-06-30,PEP,0.0445318749952694,0.0242369186733282,1,full_optimised_model,0.5345616011509532
2025-06-30,QCOM,-0.0784879949926715,0.0242369186733282,0,full_optimised_model,0.37902617614929257
2025-06-30,TSLA,-0.0295599525914049,0.0242369186733282,0,full_optimised_model,0.5024637022452759
2025-06-30,TXN,-0.1216227478027975,0.0242369186733282,0,full_optimised_model,0.4324984266118248
2025-07-31,AAPL,0.1196389194803018,0.009539601296203,1,full_optimised_model,0.43480499679239465
2025-07-31,ADBE,-0.0027677324711841,0.009539601296203,0,full_optimised_model,0.48147790382536737
2025-07-31,AMAT,-0.104627632970725,0.009539601296203,0,full_optimised_model,0.5874231992679189
2025-07-31,AMD,-0.0775905669854877,0.009539601296203,0,full_optimised_model,0.6007086567217923
2025-07-31,AMGN,-0.0171332293102948,0.009539601296203,0,full_optimised_model,0.4526760601947171
2025-07-31,AMZN,-0.0218273486695538,0.009539601296203,0,full_optimised_model,0.44373427481980005
2025-07-31,AVGO,0.0125637968511274,0.009539601296203,1,full_optimised_model,0.6435047810299662
2025-07-31,COST,0.0053071794582035,0.009539601296203,0,full_optimised_model,0.38566067961555894
2025-07-31,CSCO,0.0148353550797901,0.009539601296203,1,full_optimised_model,0.5853653861789261
2025-07-31,GOOG,0.1071762016293691,0.009539601296203,1,full_optimised_model,0.5434585087021083
2025-07-31,GOOGL,0.1094840646563244,0.009539601296203,1,full_optimised_model,0.5637213274742142
2025-07-31,INTU,-0.1504591937607036,0.009539601296203,0,full_optimised_model,0.43758116585075923
2025-07-31,META,-0.0449162370501456,0.009539601296203,0,full_optimised_model,0.5685320981445916
2025-07-31,MSFT,-0.0486917118745919,0.009539601296203,0,full_optimised_model,0.4919307695776957
2025-07-31,NFLX,0.0421338140759894,0.009539601296203,1,full_optimised_model,0.5803236740045796
2025-07-31,NVDA,-0.0207454732826847,0.009539601296203,0,full_optimised_model,0.6003829992876998
2025-07-31,PEP,0.0777986006766586,0.009539601296203,1,full_optimised_model,0.5176084333717191
2025-07-31,QCOM,0.0951894829549846,0.009539601296203,1,full_optimised_model,0.4952353301920845
2025-07-31,TSLA,0.0830441074897507,0.009539601296203,1,full_optimised_model,0.4124037884048696
2025-07-31,TXN,0.1183033216341853,0.009539601296203,1,full_optimised_model,0.5054285629432312
2025-08-31,AAPL,0.0968812192629327,0.0537623217326979,1,full_optimised_model,0.5788812206759825
2025-08-31,ADBE,-0.0110737652701246,0.0537623217326979,0,full_optimised_model,0.5771720494498859
2025-08-31,AMAT,0.2735755093113914,0.0537623217326979,1,full_optimised_model,0.5136037485449746
2025-08-31,AMD,-0.0051651698423361,0.0537623217326979,0,full_optimised_model,0.5526217014553395
2025-08-31,AMGN,-0.0191512289766477,0.0537623217326979,0,full_optimised_model,0.5253493503276345
2025-08-31,AMZN,-0.041179007317822,0.0537623217326979,0,full_optimised_model,0.48793327670582937
2025-08-31,AVGO,0.1112520962130114,0.0537623217326979,1,full_optimised_model,0.6002289656398407
2025-08-31,COST,-0.0187528605992463,0.0537623217326979,0,full_optimised_model,0.435582204463804
2025-08-31,CSCO,-0.0096973023724492,0.0537623217326979,0,full_optimised_model,0.5338930886957568
2025-08-31,GOOG,0.1416086578417525,0.0537623217326979,1,full_optimised_model,0.5511877304048227
2025-08-31,GOOGL,0.1428183421128872,0.0537623217326979,1,full_optimised_model,0.5302199340026477
2025-08-31,INTU,0.023853112192002,0.0537623217326979,0,full_optimised_model,0.5375135074092633
2025-08-31,META,-0.0051771804501959,0.0537623217326979,0,full_optimised_model,0.5265134283585683
2025-08-31,MSFT,0.0222226828637941,0.0537623217326979,0,full_optimised_model,0.6284649894475753
2025-08-31,NFLX,-0.0077219009376532,0.0537623217326979,0,full_optimised_model,0.44846674964122335
2025-08-31,NVDA,0.0712511196392733,0.0537623217326979,1,full_optimised_model,0.5823038285631252
2025-08-31,PEP,-0.045988077781585,0.0537623217326979,0,full_optimised_model,0.5440409457268729
2025-08-31,QCOM,0.0409178097913875,0.0537623217326979,0,full_optimised_model,0.5139589094285417
2025-08-31,TSLA,0.3320154782540658,0.0537623217326979,1,full_optimised_model,0.4370491979995209
2025-08-31,TXN,-0.0926016830726043,0.0537623217326979,0,full_optimised_model,0.4895296296754125
2025-09-30,AAPL,0.061815207668346,0.0478038018648532,1,full_optimised_model,0.5513811971772896
2025-09-30,ADBE,-0.0352657758792525,0.0478038018648532,0,full_optimised_model,0.5564668721700102
2025-09-30,AMAT,0.1385171454787337,0.0478038018648532,1,full_optimised_model,0.5360082012377558
2025-09-30,AMD,0.5830397783886911,0.0478038018648532,1,full_optimised_model,0.5629001533294503
2025-09-30,AMGN,0.0575123992858435,0.0478038018648532,1,full_optimised_model,0.48296001971243696
2025-09-30,AMZN,0.1122648498166054,0.0478038018648532,1,full_optimised_model,0.4992896382291898
2025-09-30,AVGO,0.1203965118934498,0.0478038018648532,1,full_optimised_model,0.4772981034900625
2025-09-30,COST,-0.0139262112834579,0.0478038018648532,0,full_optimised_model,0.4900014029243268
2025-09-30,CSCO,0.0749992601883446,0.0478038018648532,1,full_optimised_model,0.5664539772993564
2025-09-30,GOOG,0.1571341494419047,0.0478038018648532,1,full_optimised_model,0.5003027456122404
2025-09-30,GOOGL,0.1566844484934648,0.0478038018648532,1,full_optimised_model,0.4960557170846735
2025-09-30,INTU,-0.0207055033133902,0.0478038018648532,0,full_optimised_model,0.5121413677286547
2025-09-30,META,-0.1171464333124543,0.0478038018648532,0,full_optimised_model,0.506376174276073
2025-09-30,MSFT,-0.0002703764529621,0.0478038018648532,0,full_optimised_model,0.5691063761614388
2025-09-30,NFLX,-0.0667767392171451,0.0478038018648532,0,full_optimised_model,0.5389448642093271
2025-09-30,NVDA,0.0852717678839181,0.0478038018648532,1,full_optimised_model,0.5218733074957421
2025-09-30,PEP,0.0402306185589036,0.0478038018648532,0,full_optimised_model,0.465852937834049
2025-09-30,QCOM,0.0874007511256687,0.0478038018648532,1,full_optimised_model,0.4537763853333461
2025-09-30,TSLA,0.026623485126352,0.0478038018648532,0,full_optimised_model,0.6031200635728317
2025-09-30,TXN,-0.1133666144757457,0.0478038018648532,0,full_optimised_model,0.4354107041114285
2025-10-31,AAPL,0.0323641735556694,-0.0156103125344173,1,full_optimised_model,0.48129659901330135
2025-10-31,ADBE,-0.0592988534587692,-0.0156103125344173,0,full_optimised_model,0.5103868852798393
2025-10-31,AMAT,0.0842748311044161,-0.0156103125344173,1,full_optimised_model,0.4719405976291815
2025-10-31,AMD,-0.1506715487802262,-0.0156103125344173,0,full_optimised_model,0.563248556994474
2025-10-31,AMGN,0.1658477012755297,-0.0156103125344173,1,full_optimised_model,0.4741843137678359
2025-10-31,AMZN,-0.0450413559291534,-0.0156103125344173,0,full_optimised_model,0.4902942955871409
2025-10-31,AVGO,0.0901711705481083,-0.0156103125344173,1,full_optimised_model,0.46616622910530175
2025-10-31,COST,0.0023479613753503,-0.0156103125344173,1,full_optimised_model,0.49553780301495115
2025-10-31,CSCO,0.0523869596128732,-0.0156103125344173,1,full_optimised_model,0.45953244096408896
2025-10-31,GOOG,0.1359020785724563,-0.0156103125344173,1,full_optimised_model,0.6129222448679412
2025-10-31,GOOGL,0.1386606475547467,-0.0156103125344173,1,full_optimised_model,0.5930882027228628
2025-10-31,INTU,-0.0501385181648083,-0.0156103125344173,0,full_optimised_model,0.48388930707385186
2025-10-31,META,-0.0006168941794297,-0.0156103125344173,1,full_optimised_model,0.5363328922569506
2025-10-31,MSFT,-0.0480467906235131,-0.0156103125344173,0,full_optimised_model,0.5719175971962626
2025-10-31,NFLX,-0.0384855986878255,-0.0156103125344173,0,full_optimised_model,0.4445662663751587
2025-10-31,NVDA,-0.1258827775133191,-0.0156103125344173,0,full_optimised_model,0.49675269680534595
2025-10-31,PEP,0.0181395642422692,-0.0156103125344173,1,full_optimised_model,0.5154567394905489
2025-10-31,QCOM,-0.070812533929409,-0.0156103125344173,0,full_optimised_model,0.6265147978356758
2025-10-31,TSLA,-0.0578017878744897,-0.0156103125344173,0,full_optimised_model,0.6173466520311259
2025-10-31,TXN,0.0421775930556937,-0.0156103125344173,1,full_optimised_model,0.4619972704594653
2025-11-30,AAPL,-0.0250672886268734,-0.006699365349315,0,full_optimised_model,0.4688618116479425
2025-11-30,ADBE,0.0932745600103717,-0.006699365349315,1,full_optimised_model,0.5219671190316089
2025-11-30,AMAT,0.018790852645824,-0.006699365349315,1,full_optimised_model,0.5981381714795196
2025-11-30,AMD,-0.0154920936702926,-0.006699365349315,0,full_optimised_model,0.4809567393193434
2025-11-30,AMGN,-0.0525386731309793,-0.006699365349315,0,full_optimised_model,0.43876423607230663
2025-11-30,AMZN,-0.0102906864073514,-0.006699365349315,0,full_optimised_model,0.4535013880415634
2025-11-30,AVGO,-0.1394624026139842,-0.006699365349315,0,full_optimised_model,0.5009269881528157
2025-11-30,COST,-0.0560973403777791,-0.006699365349315,0,full_optimised_model,0.4758449661062886
2025-11-30,CSCO,0.0011697467886038,-0.006699365349315,1,full_optimised_model,0.5042761334985477
2025-11-30,GOOG,-0.0191029452093197,-0.006699365349315,0,full_optimised_model,0.6002041505470945
2025-11-30,GOOGL,-0.0217854356294473,-0.006699365349315,0,full_optimised_model,0.5771786231797827
2025-11-30,INTU,0.0446946312673244,-0.006699365349315,1,full_optimised_model,0.4564832177786849
2025-11-30,META,0.0195668422097461,-0.006699365349315,1,full_optimised_model,0.539121495500546
2025-11-30,MSFT,-0.017052520929609,-0.006699365349315,0,full_optimised_model,0.3823002198951786
2025-11-30,NFLX,-0.1284625344822668,-0.006699365349315,0,full_optimised_model,0.45574477997610513
2025-11-30,NVDA,0.0537309315347924,-0.006699365349315,1,full_optimised_model,0.6133613839232858
2025-11-30,PEP,-0.0256571712707275,-0.006699365349315,0,full_optimised_model,0.4405774307499484
2025-11-30,QCOM,0.0228093174974415,-0.006699365349315,1,full_optimised_model,0.44290111868829796
2025-11-30,TSLA,0.0454471190057812,-0.006699365349315,1,full_optimised_model,0.5272781189817145
2025-11-30,TXN,0.0310215514564426,-0.006699365349315,1,full_optimised_model,0.5301095056050077
2025-12-31,AAPL,-0.0455380852534945,0.0123065646397895,0,full_optimised_model,0.6094896409664863
2025-12-31,ADBE,-0.1621188943043153,0.0123065646397895,0,full_optimised_model,0.4817562111004731
2025-12-31,AMAT,0.2542123227822093,0.0123065646397895,1,full_optimised_model,0.6210432357339087
2025-12-31,AMD,0.1053884557316289,0.0123065646397895,1,full_optimised_model,0.5221070739800605
2025-12-31,AMGN,0.0445145017961234,0.0123065646397895,1,full_optimised_model,0.495037901980123
2025-12-31,AMZN,0.0367385645024598,0.0123065646397895,1,full_optimised_model,0.46679872033252756
2025-12-31,AVGO,-0.0427621654672941,0.0123065646397895,0,full_optimised_model,0.5890747821202834
2025-12-31,COST,0.0918366644400849,0.0123065646397895,1,full_optimised_model,0.5108978856577561
2025-12-31,CSCO,0.0221872633809263,0.0123065646397895,1,full_optimised_model,0.4471337399612457
2025-12-31,GOOG,0.0788082474752849,0.0123065646397895,1,full_optimised_model,0.6116731367744147
2025-12-31,GOOGL,0.0798721982346861,0.0123065646397895,1,full_optimised_model,0.6221302967380087
2025-12-31,INTU,-0.2454350457313868,0.0123065646397895,0,full_optimised_model,0.42905138576233376
2025-12-31,META,0.0854580689253095,0.0123065646397895,1,full_optimised_model,0.48675538272746366
2025-12-31,MSFT,-0.1102725416573149,0.0123065646397895,0,full_optimised_model,0.44737042024498
2025-12-31,NFLX,-0.1095350260075607,0.0123065646397895,0,full_optimised_model,0.5302422919719229
2025-12-31,NVDA,0.0248258171525319,0.0123065646397895,1,full_optimised_model,0.45236769083762446
2025-12-31,PEP,0.0704431840082866,0.0123065646397895,1,full_optimised_model,0.46753925739973046
2025-12-31,QCOM,-0.1137679419887411,0.0123065646397895,0,full_optimised_model,0.3882383478484308
2025-12-31,TSLA,-0.0429378224365815,0.0123065646397895,0,full_optimised_model,0.40492033755018286
2025-12-31,TXN,0.250544398871003,0.0123065646397895,1,full_optimised_model,0.5503848732701552
2026-01-31,AAPL,0.0190657972612526,-0.023445512550915,1,full_optimised_model,0.5120488560317762
2026-01-31,ADBE,-0.1051662279211956,-0.023445512550915,0,full_optimised_model,0.6385587985802361
2026-01-31,AMAT,0.156503769293407,-0.023445512550915,1,full_optimised_model,0.5442929800850248
2026-01-31,AMD,-0.1542685323903946,-0.023445512550915,0,full_optimised_model,0.4176676559010345
2026-01-31,AMGN,0.1432362323324021,-0.023445512550915,1,full_optimised_model,0.5417857355933452
2026-01-31,AMZN,-0.1224404625077274,-0.023445512550915,0,full_optimised_model,0.5114205830514055
2026-01-31,AVGO,-0.0354663539257567,-0.023445512550915,0,full_optimised_model,0.48036753323922055
2026-01-31,COST,0.0750226146390742,-0.023445512550915,1,full_optimised_model,0.43524397634419415
2026-01-31,CSCO,0.0145556817275827,-0.023445512550915,1,full_optimised_model,0.422255688229624
2026-01-31,GOOG,-0.0800520829807351,-0.023445512550915,0,full_optimised_model,0.525179964151806
2026-01-31,GOOGL,-0.0776330856383754,-0.023445512550915,0,full_optimised_model,0.5192084226496527
2026-01-31,INTU,-0.1801692270364647,-0.023445512550915,0,full_optimised_model,0.6100872840294636
2026-01-31,META,-0.0953524306949691,-0.023445512550915,0,full_optimised_model,0.47689442098411994
2026-01-31,MSFT,-0.0851834667392735,-0.023445512550915,0,full_optimised_model,0.5366069285503201
2026-01-31,NFLX,0.1527129036558863,-0.023445512550915,1,full_optimised_model,0.4538280874041942
2026-01-31,NVDA,-0.072934655525534,-0.023445512550915,0,full_optimised_model,0.5115533134956066
2026-01-31,PEP,0.1048623309826402,-0.023445512550915,1,full_optimised_model,0.5294536860637229
2026-01-31,QCOM,-0.0608879602232864,-0.023445512550915,0,full_optimised_model,0.48765644339593117
2026-01-31,TSLA,-0.0648218992567539,-0.023445512550915,0,full_optimised_model,0.4776238008770637
2026-01-31,TXN,-0.0159591646198673,-0.023445512550915,1,full_optimised_model,0.6022801466865476
2026-02-28,AAPL,-0.0393292873989353,-0.04838249516441,1,full_optimised_model,0.47607831045149124
2026-02-28,ADBE,-0.0736633571940529,-0.04838249516441,0,full_optimised_model,0.6555442542027037
2026-02-28,AMAT,-0.0819500115680905,-0.04838249516441,0,full_optimised_model,0.5249800776809659
2026-02-28,AMD,0.016083042075494,-0.04838249516441,1,full_optimised_model,0.5688612177742467
2026-02-28,AMGN,-0.0935438483422475,-0.04838249516441,0,full_optimised_model,0.6243192602964731
2026-02-28,AMZN,-0.0082380748930432,-0.04838249516441,1,full_optimised_model,0.644158757109792
2026-02-28,AVGO,-0.0293873502480307,-0.04838249516441,1,full_optimised_model,0.4776943850066968
2026-02-28,COST,-0.0142067492187719,-0.04838249516441,1,full_optimised_model,0.5152897609314917
2026-02-28,CSCO,-0.0235338473652071,-0.04838249516441,1,full_optimised_model,0.5140900722411277
2026-02-28,GOOG,-0.0782452642465085,-0.04838249516441,0,full_optimised_model,0.6205528827365137
2026-02-28,GOOGL,-0.0769745802781913,-0.04838249516441,0,full_optimised_model,0.612822340666546
2026-02-28,INTU,0.0570863065314828,-0.04838249516441,1,full_optimised_model,0.6531200313304811
2026-02-28,META,-0.1165727797272506,-0.04838249516441,0,full_optimised_model,0.5323383923957214
2026-02-28,MSFT,-0.0574680152016615,-0.04838249516441,0,full_optimised_model,0.6141216827444992
2026-02-28,NFLX,-0.0009351240636767,-0.04838249516441,1,full_optimised_model,0.48073029890080893
2026-02-28,NVDA,-0.0156925510196515,-0.04838249516441,1,full_optimised_model,0.507603423219688
2026-02-28,PEP,-0.0769567063191792,-0.04838249516441,0,full_optimised_model,0.598761324457114
2026-02-28,QCOM,-0.0895839606291548,-0.04838249516441,0,full_optimised_model,0.62258977137011
2026-02-28,TSLA,-0.0764204840111579,-0.04838249516441,0,full_optimised_model,0.549796498484257
2026-02-28,TXN,-0.0847201709083944,-0.04838249516441,0,full_optimised_model,0.5208523019276523
2026-03-31,AAPL,0.0691911950066288,0.1569007687376087,0,full_optimised_model,0.4459302129055768
2026-03-31,ADBE,0.0124239108512096,0.1569007687376087,0,full_optimised_model,0.6487868162309794
2026-03-31,AMAT,0.1541881994148153,0.1569007687376087,0,full_optimised_model,0.47183785634778125
2026-03-31,AMD,0.7425650248110034,0.1569007687376087,1,full_optimised_model,0.49719411109344547
2026-03-31,AMGN,-0.0159159172280719,0.1569007687376087,0,full_optimised_model,0.5918640341418434
2026-03-31,AMZN,0.2726748553374951,0.1569007687376087,1,full_optimised_model,0.5291286966646868
2026-03-31,AVGO,0.3486801004700972,0.1569007687376087,1,full_optimised_model,0.45646872256391047
2026-03-31,COST,0.0181649277438011,0.1569007687376087,0,full_optimised_model,0.508301909734672
2026-03-31,CSCO,0.1856658589490689,0.1569007687376087,1,full_optimised_model,0.5680149591067115
2026-03-31,GOOG,0.3314509609892264,0.1569007687376087,1,full_optimised_model,0.6254203140320582
2026-03-31,GOOGL,0.3381554975124616,0.1569007687376087,1,full_optimised_model,0.6283832637779331
2026-03-31,INTU,-0.098708126210196,0.1569007687376087,0,full_optimised_model,0.5877680690320509
2026-03-31,META,0.0695296514782868,0.1569007687376087,0,full_optimised_model,0.4903186283784664
2026-03-31,MSFT,0.1016019642556758,0.1569007687376087,0,full_optimised_model,0.6031304325728944
2026-03-31,NFLX,-0.0264170657848996,0.1569007687376087,0,full_optimised_model,0.5242308488793767
2026-03-31,NVDA,0.1443234085538123,0.1569007687376087,0,full_optimised_model,0.4702851242605583
2026-03-31,PEP,0.020606633260273,0.1569007687376087,0,full_optimised_model,0.5446820681677468
2026-03-31,QCOM,0.3944712296321808,0.1569007687376087,1,full_optimised_model,0.5934846597082459
2026-03-31,TSLA,0.0265770138071621,0.1569007687376087,0,full_optimised_model,0.55189755603017
2026-03-31,TXN,0.4478210837502554,0.1569007687376087,1,full_optimised_model,0.6202645192365255
2026-04-30,AAPL,0.1510870878118577,0.1056848850894773,1,full_optimised_model,0.41748430210662657
2026-04-30,ADBE,0.0532709671939144,0.1056848850894773,0,full_optimised_model,0.5721580242307657
2026-04-30,AMAT,0.1422837269040517,0.1056848850894773,1,full_optimised_model,0.46398991997827116
2026-04-30,AMD,0.4558943547170746,0.1056848850894773,1,full_optimised_model,0.5348532681108399
2026-04-30,AMGN,-0.0199761404166848,0.1056848850894773,0,full_optimised_model,0.5679199082824354
2026-04-30,AMZN,0.0210519019891346,0.1056848850894773,0,full_optimised_model,0.59653647484389
2026-04-30,AVGO,0.0702872400219907,0.1056848850894773,0,full_optimised_model,0.638220701763482
2026-04-30,COST,-0.0560085759854093,0.1056848850894773,0,full_optimised_model,0.5088386088360379
2026-04-30,CSCO,0.3160655117551401,0.1056848850894773,1,full_optimised_model,0.5488941759004785
2026-04-30,GOOG,-0.0144263433249531,0.1056848850894773,0,full_optimised_model,0.5785517921622406
2026-04-30,GOOGL,-0.0115904338806527,0.1056848850894773,0,full_optimised_model,0.5808545787286085
2026-04-30,INTU,-0.1466409188727515,0.1056848850894773,0,full_optimised_model,0.6017314185183086
2026-04-30,META,0.0336650942218894,0.1056848850894773,0,full_optimised_model,0.4069098226257306
2026-04-30,MSFT,0.1065161348048717,0.1056848850894773,1,full_optimised_model,0.5017495951918206
2026-04-30,NFLX,-0.0810811229334169,0.1056848850894773,0,full_optimised_model,0.48175415035869806
2026-04-30,NVDA,0.0579746588165734,0.1056848850894773,0,full_optimised_model,0.37966560881276734
2026-04-30,PEP,-0.0902264673073079,0.1056848850894773,0,full_optimised_model,0.5098721125619974
2026-04-30,QCOM,0.3978171097936005,0.1056848850894773,1,full_optimised_model,0.5013173148667237
2026-04-30,TSLA,0.141917571912985,0.1056848850894773,1,full_optimised_model,0.45107824509706035
2026-04-30,TXN,0.0930453268254547,0.1056848850894773,0,full_optimised_model,0.5795132409079344
2026-05-31,AAPL,-0.0727424610159107,-0.001490831230688,0,full_optimised_model,0.5157801035074789
2026-05-31,ADBE,-0.2090582499479326,-0.001490831230688,0,full_optimised_model,0.5741830020158875
2026-05-31,AMAT,0.6064524817180001,-0.001490831230688,1,full_optimised_model,0.4390311754304728
2026-05-31,AMD,0.1255764398845664,-0.001490831230688,1,full_optimised_model,0.5339803935954717
2026-05-31,AMGN,0.0752100297799869,-0.001490831230688,1,full_optimised_model,0.4706804852649468
2026-05-31,AMZN,-0.1193467948651447,-0.001490831230688,0,full_optimised_model,0.5000627779591561
2026-05-31,AVGO,-0.1531484762625794,-0.001490831230688,0,full_optimised_model,0.53078945030305
2026-05-31,COST,-0.0218023637081818,-0.001490831230688,0,full_optimised_model,0.46966656155713915
2026-05-31,CSCO,-0.0245806259437284,-0.001490831230688,0,full_optimised_model,0.6157472677686057
2026-05-31,GOOG,-0.0608011120557968,-0.001490831230688,0,full_optimised_model,0.557404872524596
2026-05-31,GOOGL,-0.0598320859768355,-0.001490831230688,0,full_optimised_model,0.5260223053522843
2026-05-31,INTU,-0.2127409641478356,-0.001490831230688,0,full_optimised_model,0.6750063656849253
2026-05-31,META,-0.1086116431936491,-0.001490831230688,0,full_optimised_model,0.4383549866264234
2026-05-31,MSFT,-0.1715085352158653,-0.001490831230688,0,full_optimised_model,0.4928525733819615
2026-05-31,NFLX,-0.1699604241773233,-0.001490831230688,0,full_optimised_model,0.5013188363899863
2026-05-31,NVDA,-0.0512304934107208,-0.001490831230688,0,full_optimised_model,0.46308456806957365
2026-05-31,PEP,-0.0510816146417201,-0.001490831230688,0,full_optimised_model,0.4278226782650306
2026-05-31,QCOM,-0.2611245912981512,-0.001490831230688,0,full_optimised_model,0.5474603921566703
2026-05-31,TSLA,-0.0348562430151274,-0.001490831230688,0,full_optimised_model,0.3873751680923746
2026-05-31,TXN,-0.0248952680381473,-0.001490831230688,0,full_optimised_model,0.6110124012928744
2026-06-30,AAPL,0.1286633013237643,-0.0547800455161126,1,full_optimised_model,0.42998594325687406
2026-06-30,ADBE,0.1449614701071162,-0.0547800455161126,1,full_optimised_model,0.6877507267285934
2026-06-30,AMAT,-0.2728907161728475,-0.0547800455161126,0,full_optimised_model,0.5208731911569032
2026-06-30,AMD,-0.1331358892009763,-0.0547800455161126,0,full_optimised_model,0.4382511072589512
2026-06-30,AMGN,0.0056611574566145,-0.0547800455161126,1,full_optimised_model,0.42146530629458584
2026-06-30,AMZN,0.0488797907790408,-0.0547800455161126,1,full_optimised_model,0.49946618926193337
2026-06-30,AVGO,0.0010853836190849,-0.0547800455161126,1,full_optimised_model,0.46707336935484745
2026-06-30,COST,0.0003527821310989,-0.0547800455161126,1,full_optimised_model,0.440874812387934
2026-06-30,CSCO,-0.0540258699492648,-0.0547800455161126,1,full_optimised_model,0.573056166378011
2026-06-30,GOOG,-0.0055471981704481,-0.0547800455161126,1,full_optimised_model,0.45955896285632103
2026-06-30,GOOGL,-0.0150544392543316,-0.0547800455161126,1,full_optimised_model,0.45083964536603616
2026-06-30,INTU,0.1307339164013421,-0.0547800455161126,1,full_optimised_model,0.7101365050829249
2026-06-30,META,0.1465674888229344,-0.0547800455161126,1,full_optimised_model,0.5015224685778463
2026-06-30,MSFT,0.0784676971565112,-0.0547800455161126,1,full_optimised_model,0.5802337950653953
2026-06-30,NFLX,-0.0532213301197269,-0.0547800455161126,1,full_optimised_model,0.6780421568500926
2026-06-30,NVDA,0.0159428382217534,-0.0547800455161126,1,full_optimised_model,0.38156371188244786
2026-06-30,PEP,0.0004432261454065,-0.0547800455161126,1,full_optimised_model,0.47709605057434573
2026-06-30,QCOM,-0.0783050299672256,-0.0547800455161126,0,full_optimised_model,0.5424387790740723
2026-06-30,TSLA,-0.1213266715139742,-0.0547800455161126,0,full_optimised_model,0.3879990366324576
2026-06-30,TXN,-0.0469688316703794,-0.0547800455161126,1,full_optimised_model,0.49350399903560854
2024-07-31,AAPL,0.032353605269078,0.0110387541930649,1,without_momentum,0.5756799329315415
2024-07-31,ADBE,0.0412579492852254,0.0110387541930649,1,without_momentum,0.49244514915512877
2024-07-31,AMAT,-0.0686237039668253,0.0110387541930649,0,without_momentum,0.5392803221766096
2024-07-31,AMD,0.0282392161662903,0.0110387541930649,1,without_momentum,0.446675421373888
2024-07-31,AMGN,0.0110819375300605,0.0110387541930649,1,without_momentum,0.39896694949392597
2024-07-31,AMZN,-0.045352422298136,0.0110387541930649,0,without_momentum,0.49519742433494573
2024-07-31,AVGO,0.0133185783428655,0.0110387541930649,1,without_momentum,0.44071518852592545
2024-07-31,COST,0.085620331358543,0.0110387541930649,1,without_momentum,0.5381378034802276
2024-07-31,CSCO,0.0431371435148633,0.0110387541930649,1,without_momentum,0.50104827062542
2024-07-31,GOOG,-0.0464335721714519,0.0110387541930649,0,without_momentum,0.5514446916777178
2024-07-31,GOOGL,-0.0475689188191061,0.0110387541930649,0,without_momentum,0.5897347898254582
2024-07-31,INTU,-0.0264000316281816,0.0110387541930649,0,without_momentum,0.4896905466501383
2024-07-31,META,0.0978876100904015,0.0110387541930649,1,without_momentum,0.4558702076604598
2024-07-31,MSFT,-0.0010950338042321,0.0110387541930649,0,without_momentum,0.5263209446264547
2024-07-31,NFLX,0.1161773399876078,0.0110387541930649,1,without_momentum,0.4816437087807319
2024-07-31,NVDA,0.0200822122400174,0.0110387541930649,1,without_momentum,0.44610433121631793
2024-07-31,PEP,0.0012160859646712,0.0110387541930649,0,without_momentum,0.49058815057178484
2024-07-31,QCOM,-0.0312242667899543,0.0110387541930649,0,without_momentum,0.5423997472484648
2024-07-31,TSLA,-0.0773904690267696,0.0110387541930649,0,without_momentum,0.5045443486404764
2024-07-31,TXN,0.0516657354901359,0.0110387541930649,1,without_momentum,0.4770990400834744
2024-08-31,AAPL,0.0174671457188737,0.0262160295313964,0,without_momentum,0.5839183075282701
2024-08-31,ADBE,-0.0985880233548925,0.0262160295313964,0,without_momentum,0.567310877418316
2024-08-31,AMAT,0.0242825726644042,0.0262160295313964,0,without_momentum,0.5562442298265305
2024-08-31,AMD,0.1044696050586542,0.0262160295313964,1,without_momentum,0.5079352484463279
2024-08-31,AMGN,-0.0348080606616325,0.0262160295313964,0,without_momentum,0.47220770831572073
2024-08-31,AMZN,0.0438655564764969,0.0262160295313964,1,without_momentum,0.5642593299613579
2024-08-31,AVGO,0.0629367290972977,0.0262160295313964,1,without_momentum,0.5677390090536577
2024-08-31,COST,-0.0065667126070291,0.0262160295313964,0,without_momentum,0.5745314967196198
2024-08-31,CSCO,0.0530273719178453,0.0262160295313964,1,without_momentum,0.49860352767865995
2024-08-31,GOOG,0.0139305272805616,0.0262160295313964,0,without_momentum,0.5814921594039553
2024-08-31,GOOGL,0.0164651610338451,0.0262160295313964,0,without_momentum,0.5523888896695212
2024-08-31,INTU,-0.0146923374199152,0.0262160295313964,0,without_momentum,0.5792775569637272
2024-08-31,META,0.0991273179879281,0.0262160295313964,1,without_momentum,0.51913250495254
2024-08-31,MSFT,0.0315480912959345,0.0262160295313964,1,without_momentum,0.47581196666543446
2024-08-31,NFLX,0.0112925043526219,0.0262160295313964,0,without_momentum,0.5409193246541597
2024-08-31,NVDA,0.0174280680549436,0.0262160295313964,0,without_momentum,0.4654303638818203
2024-08-31,PEP,-0.0088794262922503,0.0262160295313964,0,without_momentum,0.4243915800713751
2024-08-31,QCOM,-0.0249354027347803,0.0262160295313964,0,without_momentum,0.5814665852776989
2024-08-31,TSLA,0.2219420117556314,0.0262160295313964,1,without_momentum,0.5027086253719188
2024-08-31,TXN,-0.036250617293745,0.0262160295313964,0,without_momentum,0.451197980373578
2024-09-30,AAPL,-0.0304291846966061,-0.0086463559104306,0,without_momentum,0.5488374651564334
2024-09-30,ADBE,-0.0766735688483785,-0.0086463559104306,0,without_momentum,0.49345140332636994
2024-09-30,AMAT,-0.1013114774453455,-0.0086463559104306,0,without_momentum,0.541401482392186
2024-09-30,AMD,-0.121952671157569,-0.0086463559104306,0,without_momentum,0.5028653660862795
2024-09-30,AMGN,-0.0063621979331132,-0.0086463559104306,1,without_momentum,0.6245188797600872
2024-09-30,AMZN,0.0003756349741959,-0.0086463559104306,1,without_momentum,0.48645308888683814
2024-09-30,AVGO,-0.015826247047905,-0.0086463559104306,0,without_momentum,0.4869782125052187
2024-09-30,COST,-0.0139195630400947,-0.0086463559104306,0,without_momentum,0.5028751613972291
2024-09-30,CSCO,0.036989338483875,-0.0086463559104306,1,without_momentum,0.5200013999117183
2024-09-30,GOOG,0.0328967713356791,-0.0086463559104306,1,without_momentum,0.5887203491118499
2024-09-30,GOOGL,0.0317151610345349,-0.0086463559104306,1,without_momentum,0.6160918612790783
2024-09-30,INTU,-0.0155832292427423,-0.0086463559104306,0,without_momentum,0.5361762817052158
2024-09-30,META,-0.0084898937878576,-0.0086463559104306,1,without_momentum,0.5911533059549732
2024-09-30,MSFT,-0.0556588813617846,-0.0086463559104306,0,without_momentum,0.48319520305308883
2024-09-30,NFLX,0.0659268648650508,-0.0086463559104306,1,without_momentum,0.5474996276814108
2024-09-30,NVDA,0.093214607697996,-0.0086463559104306,1,without_momentum,0.5004122444195717
2024-09-30,PEP,-0.0233462090440089,-0.0086463559104306,0,without_momentum,0.5084668518551152
2024-09-30,QCOM,-0.0428109621341493,-0.0086463559104306,0,without_momentum,0.4864171600423167
2024-09-30,TSLA,-0.0450254120683647,-0.0086463559104306,0,without_momentum,0.4642642659625039
2024-09-30,TXN,-0.0100329261207495,-0.0086463559104306,0,without_momentum,0.5939119165312162
2024-10-31,AAPL,0.0517069693875071,0.0535082171626466,0,without_momentum,0.5590367211777215
2024-10-31,ADBE,0.0791708650573146,0.0535082171626466,1,without_momentum,0.5154383673575506
2024-10-31,AMAT,-0.0355718516640958,0.0535082171626466,0,without_momentum,0.450861508576034
2024-10-31,AMD,-0.0478240737014196,0.0535082171626466,0,without_momentum,0.4699264257675451
2024-10-31,AMGN,-0.1094076991024316,0.0535082171626466,0,without_momentum,0.5243948553442876
2024-10-31,AMZN,0.1152897328156477,0.0535082171626466,1,without_momentum,0.5444445499037504
2024-10-31,AVGO,-0.0452964254728345,0.0535082171626466,0,without_momentum,0.5288264475765632
2024-10-31,COST,0.1132390045546267,0.0535082171626466,1,without_momentum,0.5178939485103935
2024-10-31,CSCO,0.0810663387539496,0.0535082171626466,1,without_momentum,0.4572963927179632
2024-10-31,GOOG,-0.012739669642318,0.0535082171626466,0,without_momentum,0.42522365740816126
2024-10-31,GOOGL,-0.0126233697468999,0.0535082171626466,0,without_momentum,0.43921882852606464
2024-10-31,INTU,0.0514992353002206,0.0535082171626466,0,without_momentum,0.5328232123962184
2024-10-31,META,0.0118749280096819,0.0535082171626466,0,without_momentum,0.4784960576930877
2024-10-31,MSFT,0.0441925051795559,0.0535082171626466,0,without_momentum,0.5612209199962302
2024-10-31,NFLX,0.1729825996151546,0.0535082171626466,1,without_momentum,0.556705825688615
2024-10-31,NVDA,0.0413528974667274,0.0535082171626466,0,without_momentum,0.5050111829429443
2024-10-31,PEP,-0.0158357170842929,0.0535082171626466,0,without_momentum,0.3841373549369302
2024-10-31,QCOM,-0.0260489378629769,0.0535082171626466,0,without_momentum,0.4931995131726449
2024-10-31,TSLA,0.3814688622385136,0.0535082171626466,1,without_momentum,0.4136430068186771
2024-10-31,TXN,-0.0104842508736225,0.0535082171626466,0,without_momentum,0.47531182479620515
2024-11-30,AAPL,0.0551551975335746,0.0045404969264244,1,without_momentum,0.6017837265300027
2024-11-30,ADBE,-0.1381001318230681,0.0045404969264244,0,without_momentum,0.5995570667245907
2024-11-30,AMAT,-0.069143213498102,0.0045404969264244,0,without_momentum,0.522287246602361
2024-11-30,AMD,-0.1194780043398231,0.0045404969264244,0,without_momentum,0.5634350525715656
2024-11-30,AMGN,-0.0785870401414239,0.0045404969264244,0,without_momentum,0.46676843773254517
2024-11-30,AMZN,0.0553177162622697,0.0045404969264244,1,without_momentum,0.49885864220939663
2024-11-30,AVGO,0.4342371835268781,0.0045404969264244,1,without_momentum,0.5256906862557363
2024-11-30,COST,-0.0572188433973216,0.0045404969264244,0,without_momentum,0.48913821401909874
2024-11-30,CSCO,-0.0001689028922357,0.0045404969264244,0,without_momentum,0.5149272190880547
2024-11-30,GOOG,0.1182830573454472,0.0045404969264244,1,without_momentum,0.568643270230906
2024-11-30,GOOGL,0.1217340405274778,0.0045404969264244,1,without_momentum,0.545163974541768
2024-11-30,INTU,-0.0206161098739873,0.0045404969264244,0,without_momentum,0.6246314811963096
2024-11-30,META,0.0203063736401394,0.0045404969264244,1,without_momentum,0.5432123816754437
2024-11-30,MSFT,-0.0046285135158982,0.0045404969264244,0,without_momentum,0.5810632327711809
2024-11-30,NFLX,0.0050856894888637,0.0045404969264244,1,without_momentum,0.5505062350133175
2024-11-30,NVDA,-0.0285769178431161,0.0045404969264244,0,without_momentum,0.6595706361739113
2024-11-30,PEP,-0.0617636224787745,0.0045404969264244,0,without_momentum,0.4987699107267784
2024-11-30,QCOM,-0.0259032746563492,0.0045404969264244,0,without_momentum,0.5065630785526531
2024-11-30,TSLA,0.1700080891563131,0.0045404969264244,1,without_momentum,0.508853282710397
2024-11-30,TXN,-0.0672536799653069,0.0045404969264244,0,without_momentum,0.489622068220417
2024-12-31,AAPL,-0.0575832864423716,0.0216339201740081,0,without_momentum,0.6146062388182151
2024-12-31,ADBE,-0.0162588391378818,0.0216339201740081,0,without_momentum,0.5684952968133611
2024-12-31,AMAT,0.108959053536314,0.0216339201740081,1,without_momentum,0.526385139255951
2024-12-31,AMD,-0.0400695747214202,0.0216339201740081,0,without_momentum,0.6678986494555449
2024-12-31,AMGN,0.0950734275898357,0.0216339201740081,1,without_momentum,0.48780754658356595
2024-12-31,AMZN,0.083367488659539,0.0216339201740081,1,without_momentum,0.45926725667491686
2024-12-31,AVGO,-0.0455917646978838,0.0216339201740081,0,without_momentum,0.48831301915612746
2024-12-31,COST,0.0694227926245696,0.0216339201740081,1,without_momentum,0.5455909222324401
2024-12-31,CSCO,0.0306240014335366,0.0216339201740081,1,without_momentum,0.5311347840775423
2024-12-31,GOOG,0.0796050886702883,0.0216339201740081,1,without_momentum,0.5418163999918084
2024-12-31,GOOGL,0.0777601399116461,0.0216339201740081,1,without_momentum,0.515584639881121
2024-12-31,INTU,-0.0413510438949052,0.0216339201740081,0,without_momentum,0.6382990032005488
2024-12-31,META,0.1770591800762093,0.0216339201740081,1,without_momentum,0.6213817792278512
2024-12-31,MSFT,-0.015278774333898,0.0216339201740081,0,without_momentum,0.48614099611500394
2024-12-31,NFLX,0.0958578103881719,0.0216339201740081,1,without_momentum,0.43506057887561345
2024-12-31,NVDA,-0.1058901733604136,0.0216339201740081,0,without_momentum,0.5150217149667029
2024-12-31,PEP,-0.0090094029665265,0.0216339201740081,0,without_momentum,0.545130796542339
2024-12-31,QCOM,0.1257000005641959,0.0216339201740081,1,without_momentum,0.5295016693722805
2024-12-31,TSLA,0.0018819576379678,0.0216339201740081,0,without_momentum,0.4355848577693929
2024-12-31,TXN,-0.0081852837773849,0.0216339201740081,0,without_momentum,0.41403931168772684
2025-01-31,AAPL,0.025872532730673,-0.0270347304314839,1,without_momentum,0.45725541598822883
2025-01-31,ADBE,0.0025373992926924,-0.0270347304314839,1,without_momentum,0.5477984868802797
2025-01-31,AMAT,-0.1215186459774313,-0.0270347304314839,0,without_momentum,0.47932328710108074
2025-01-31,AMD,-0.1387666818574638,-0.0270347304314839,0,without_momentum,0.5158108941397821
2025-01-31,AMGN,0.088041664608548,-0.0270347304314839,1,without_momentum,0.48780367715821443
2025-01-31,AMZN,-0.1068663525715117,-0.0270347304314839,0,without_momentum,0.5714151246941053
2025-01-31,AVGO,-0.0987030662758818,-0.0270347304314839,0,without_momentum,0.4198833332126275
2025-01-31,COST,0.0713234700383356,-0.0270347304314839,1,without_momentum,0.4238909210404023
2025-01-31,CSCO,0.057920856698409,-0.0270347304314839,1,without_momentum,0.6480289840890925
2025-01-31,GOOG,-0.1623541881738535,-0.0270347304314839,0,without_momentum,0.5135915082340994
2025-01-31,GOOGL,-0.1653760794155103,-0.0270347304314839,0,without_momentum,0.5385696192302851
2025-01-31,INTU,0.0204985488677544,-0.0270347304314839,1,without_momentum,0.4476851771890523
2025-01-31,META,-0.0304420047440421,-0.0270347304314839,0,without_momentum,0.5965187999838273
2025-01-31,MSFT,-0.0416180538185706,-0.0270347304314839,0,without_momentum,0.6240532303977787
2025-01-31,NFLX,0.0038903849838498,-0.0270347304314839,1,without_momentum,0.5680914613803855
2025-01-31,NVDA,0.0403930930624214,-0.0270347304314839,1,without_momentum,0.47580758721812816
2025-01-31,PEP,0.0184483478148462,-0.0270347304314839,1,without_momentum,0.4659403458705432
2025-01-31,QCOM,-0.091135242014198,-0.0270347304314839,0,without_momentum,0.4500519999582441
2025-01-31,TSLA,-0.2758773935575025,-0.0270347304314839,0,without_momentum,0.41960448342721024
2025-01-31,TXN,0.0616434593694261,-0.0270347304314839,1,without_momentum,0.5106971617440381
2025-02-28,AAPL,-0.0815002077582137,-0.075861917921729,0,without_momentum,0.4638823191065009
2025-02-28,ADBE,-0.1254788377545642,-0.075861917921729,0,without_momentum,0.5105452924168695
2025-02-28,AMAT,-0.0819259268794203,-0.075861917921729,0,without_momentum,0.4876626209480232
2025-02-28,AMD,0.0288403488465371,-0.075861917921729,1,without_momentum,0.654995144663011
2025-02-28,AMGN,0.0113287924416656,-0.075861917921729,1,without_momentum,0.5507440644610941
2025-02-28,AMZN,-0.1037309421475672,-0.075861917921729,0,without_momentum,0.5470129106812321
2025-02-28,AVGO,-0.157916796394152,-0.075861917921729,0,without_momentum,0.4237105173998819
2025-02-28,COST,-0.0980630433997747,-0.075861917921729,0,without_momentum,0.49112348587653193
2025-02-28,CSCO,-0.0374356837994677,-0.075861917921729,1,without_momentum,0.5042346721770262
2025-02-28,GOOG,-0.0918128407056253,-0.075861917921729,0,without_momentum,0.47252231455584015
2025-02-28,GOOGL,-0.0908027332924799,-0.075861917921729,0,without_momentum,0.48687652853058105
2025-02-28,INTU,0.0002443853154583,-0.075861917921729,1,without_momentum,0.5388529654024903
2025-02-28,META,-0.1366765125057577,-0.075861917921729,0,without_momentum,0.622838108429885
2025-02-28,MSFT,-0.05440932488195,-0.075861917921729,1,without_momentum,0.5618106301047755
2025-02-28,NFLX,-0.0489822286832742,-0.075861917921729,1,without_momentum,0.5817746672445918
2025-02-28,NVDA,-0.1323249309931263,-0.075861917921729,0,without_momentum,0.415756891010704
2025-02-28,PEP,-0.0143631255186652,-0.075861917921729,1,without_momentum,0.5049878435785662
2025-02-28,QCOM,-0.0173805787062544,-0.075861917921729,1,without_momentum,0.6051979163422369
2025-02-28,TSLA,-0.1154345213189201,-0.075861917921729,0,without_momentum,0.5568334654927422
2025-02-28,TXN,-0.0831165019436929,-0.075861917921729,0,without_momentum,0.5718650070174921
2025-03-31,AAPL,-0.0433529542199339,0.01396820088766,0,without_momentum,0.5481816064447717
2025-03-31,ADBE,-0.0222928788365492,0.01396820088766,0,without_momentum,0.6118192359588196
2025-03-31,AMAT,0.0385198279174987,0.01396820088766,1,without_momentum,0.5359818933398544
2025-03-31,AMD,-0.0524625219166874,0.01396820088766,0,without_momentum,0.5019402128805484
2025-03-31,AMGN,-0.06621725021012,0.01396820088766,0,without_momentum,0.4728426873400336
2025-03-31,AMZN,-0.0306948202801552,0.01396820088766,0,without_momentum,0.5926507273024908
2025-03-31,AVGO,0.1495549814990862,0.01396820088766,1,without_momentum,0.56143783104433
2025-03-31,COST,0.0515130090773394,0.01396820088766,1,without_momentum,0.5494320400181958
2025-03-31,CSCO,-0.0582494052851219,0.01396820088766,0,without_momentum,0.5033065531698482
2025-03-31,GOOG,0.0298277638405073,0.01396820088766,1,without_momentum,0.4674674318849506
2025-03-31,GOOGL,0.0269012401918948,0.01396820088766,1,without_momentum,0.4793436731880027
2025-03-31,INTU,0.0237395148215797,0.01396820088766,1,without_momentum,0.5888370336394291
2025-03-31,META,-0.0474701956279407,0.01396820088766,0,without_momentum,0.5753739043611698
2025-03-31,MSFT,0.0529314476776183,0.01396820088766,1,without_momentum,0.562624847551284
2025-03-31,NFLX,0.2136016972136711,0.01396820088766,1,without_momentum,0.47375341861550235
2025-03-31,NVDA,0.004982410811787,0.01396820088766,0,without_momentum,0.4802775707819634
2025-03-31,PEP,-0.0957715916579042,0.01396820088766,0,without_momentum,0.48505345970751934
2025-03-31,QCOM,-0.03352658226324,0.01396820088766,0,without_momentum,0.5472716535085158
2025-03-31,TSLA,0.0887482623668549,0.01396820088766,1,without_momentum,0.5342776050155373
2025-03-31,TXN,-0.101750355941628,0.01396820088766,0,without_momentum,0.5163130658376265
2025-04-30,AAPL,-0.053584070052247,0.0917828863360947,0,without_momentum,0.5778788832074488
2025-04-30,ADBE,0.1069656626390811,0.0917828863360947,1,without_momentum,0.5826202745329411
2025-04-30,AMAT,0.0430345044558253,0.0917828863360947,0,without_momentum,0.5192177849758713
2025-04-30,AMD,0.1374422711097356,0.0917828863360947,1,without_momentum,0.6543666706770143
2025-04-30,AMGN,-0.0006642961736257,0.0917828863360947,0,without_momentum,0.4800839469789821
2025-04-30,AMZN,0.1116473080052216,0.0917828863360947,1,without_momentum,0.5870827002294191
2025-04-30,AVGO,0.2577025845783409,0.0917828863360947,1,without_momentum,0.4999626300397628
2025-04-30,COST,0.0472955172471543,0.0917828863360947,0,without_momentum,0.45438298349016654
2025-04-30,CSCO,0.0919798091198764,0.0917828863360947,1,without_momentum,0.49712157493810366
2025-04-30,GOOG,0.0743364719505135,0.0917828863360947,0,without_momentum,0.48307179544610923
2025-04-30,GOOGL,0.0814862453936164,0.0917828863360947,0,without_momentum,0.5228486202248509
2025-04-30,INTU,0.200806479494108,0.0917828863360947,1,without_momentum,0.5081001268165208
2025-04-30,META,0.1793988952886178,0.0917828863360947,1,without_momentum,0.6060373791643103
2025-04-30,MSFT,0.1668398736006513,0.0917828863360947,1,without_momentum,0.412069950141384
2025-04-30,NFLX,0.0667214743745314,0.0917828863360947,0,without_momentum,0.4708320149160141
2025-04-30,NVDA,0.2406353870147419,0.0917828863360947,1,without_momentum,0.5506197448774679
2025-04-30,PEP,-0.0304617426747452,0.0917828863360947,0,without_momentum,0.4972600789989295
2025-04-30,QCOM,-0.0219586851077657,0.0917828863360947,0,without_momentum,0.505057912371305
2025-04-30,TSLA,0.2278848417863253,0.0917828863360947,1,without_momentum,0.5004552544007701
2025-04-30,TXN,0.1424554208417205,0.0917828863360947,1,without_momentum,0.4402139982324441
2025-05-31,AAPL,0.0215085289391445,0.0638584828848247,0,without_momentum,0.5418087104715534
2025-05-31,ADBE,-0.0679611450624184,0.0638584828848247,0,without_momentum,0.4662592070125633
2025-05-31,AMAT,0.1679106738819673,0.0638584828848247,1,without_momentum,0.5303087978237062
2025-05-31,AMD,0.28149543569574,0.0638584828848247,1,without_momentum,0.5260283906425801
2025-05-31,AMGN,-0.0311262854478173,0.0638584828848247,0,without_momentum,0.571759423200637
2025-05-31,AMZN,0.0701429455544566,0.0638584828848247,1,without_momentum,0.35279492243937177
2025-05-31,AVGO,0.1414003058186692,0.0638584828848247,1,without_momentum,0.5590170505660728
2025-05-31,COST,-0.0482994721044787,0.0638584828848247,0,without_momentum,0.5214605320771961
2025-05-31,CSCO,0.1005711983458699,0.0638584828848247,1,without_momentum,0.5489365079940679
2025-05-31,GOOG,0.0274992731836682,0.0638584828848247,0,without_momentum,0.43780627073407163
2025-05-31,GOOGL,0.0273863412731589,0.0638584828848247,0,without_momentum,0.45739495655748963
2025-05-31,INTU,0.0453369160230405,0.0638584828848247,0,without_momentum,0.4280098503911949
2025-05-31,META,0.140802054498849,0.0638584828848247,1,without_momentum,0.45390313597766596
2025-05-31,MSFT,0.0804805734668925,0.0638584828848247,1,without_momentum,0.550933431379027
2025-05-31,NFLX,0.1092583423100148,0.0638584828848247,1,without_momentum,0.5651578068745432
2025-05-31,NVDA,0.1692516955417806,0.0638584828848247,1,without_momentum,0.33087163687254595
2025-05-31,PEP,0.0155101802790666,0.0638584828848247,0,without_momentum,0.5044653537124224
2025-05-31,QCOM,0.1034205891671358,0.0638584828848247,1,without_momentum,0.4561892089320067
2025-05-31,TSLA,-0.0831264460638392,0.0638584828848247,0,without_momentum,0.4565891554656856
2025-05-31,TXN,0.1354663116087717,0.0638584828848247,1,without_momentum,0.43208845036099
2025-06-30,AAPL,0.0116977010484968,0.0242369186733282,0,without_momentum,0.4773042172976161
2025-06-30,ADBE,-0.0754497572192908,0.0242369186733282,0,without_momentum,0.4855786824211652
2025-06-30,AMAT,-0.0164418137437969,0.0242369186733282,0,without_momentum,0.5138733589839539
2025-06-30,AMD,0.2424947508257919,0.0242369186733282,1,without_momentum,0.4937973335556367
2025-06-30,AMGN,0.0569106167026227,0.0242369186733282,1,without_momentum,0.4655982541580918
2025-06-30,AMZN,0.067095133149436,0.0242369186733282,1,without_momentum,0.2989758047361999
2025-06-30,AVGO,0.0654816803055005,0.0242369186733282,1,without_momentum,0.5808310195351122
2025-06-30,COST,-0.050811156751137,0.0242369186733282,0,without_momentum,0.4393842980640377
2025-06-30,CSCO,-0.0128365499704157,0.0242369186733282,0,without_momentum,0.41835789307171334
2025-06-30,GOOG,0.087208877525819,0.0242369186733282,1,without_momentum,0.5695869436833738
2025-06-30,GOOGL,0.088917909913164,0.0242369186733282,1,without_momentum,0.5144664821265367
2025-06-30,INTU,-0.0018251833716849,0.0242369186733282,0,without_momentum,0.5950065463831516
2025-06-30,META,0.047893857332087,0.0242369186733282,1,without_momentum,0.4834501264157601
2025-06-30,MSFT,0.0725558461078348,0.0242369186733282,1,without_momentum,0.6118740980853188
2025-06-30,NFLX,-0.1342139500795455,0.0242369186733282,0,without_momentum,0.6593624235495429
2025-06-30,NVDA,0.1258306729394935,0.0242369186733282,1,without_momentum,0.5235719214516333
2025-06-30,PEP,0.0445318749952694,0.0242369186733282,1,without_momentum,0.43362980361778397
2025-06-30,QCOM,-0.0784879949926715,0.0242369186733282,0,without_momentum,0.43477529379705876
2025-06-30,TSLA,-0.0295599525914049,0.0242369186733282,0,without_momentum,0.49798433232680955
2025-06-30,TXN,-0.1216227478027975,0.0242369186733282,0,without_momentum,0.40902917888812507
2025-07-31,AAPL,0.1196389194803018,0.009539601296203,1,without_momentum,0.4573358349212583
2025-07-31,ADBE,-0.0027677324711841,0.009539601296203,0,without_momentum,0.4090828599509253
2025-07-31,AMAT,-0.104627632970725,0.009539601296203,0,without_momentum,0.6571943154955573
2025-07-31,AMD,-0.0775905669854877,0.009539601296203,0,without_momentum,0.5966963753414367
2025-07-31,AMGN,-0.0171332293102948,0.009539601296203,0,without_momentum,0.46336775267527863
2025-07-31,AMZN,-0.0218273486695538,0.009539601296203,0,without_momentum,0.4776551116637333
2025-07-31,AVGO,0.0125637968511274,0.009539601296203,1,without_momentum,0.5964771467810757
2025-07-31,COST,0.0053071794582035,0.009539601296203,0,without_momentum,0.42383197036958087
2025-07-31,CSCO,0.0148353550797901,0.009539601296203,1,without_momentum,0.5874882645318832
2025-07-31,GOOG,0.1071762016293691,0.009539601296203,1,without_momentum,0.5694675755576553
2025-07-31,GOOGL,0.1094840646563244,0.009539601296203,1,without_momentum,0.5862463487476437
2025-07-31,INTU,-0.1504591937607036,0.009539601296203,0,without_momentum,0.3962265244630948
2025-07-31,META,-0.0449162370501456,0.009539601296203,0,without_momentum,0.5711441849633241
2025-07-31,MSFT,-0.0486917118745919,0.009539601296203,0,without_momentum,0.5117857666620597
2025-07-31,NFLX,0.0421338140759894,0.009539601296203,1,without_momentum,0.5092407343335474
2025-07-31,NVDA,-0.0207454732826847,0.009539601296203,0,without_momentum,0.5285839434612694
2025-07-31,PEP,0.0777986006766586,0.009539601296203,1,without_momentum,0.47544011660836977
2025-07-31,QCOM,0.0951894829549846,0.009539601296203,1,without_momentum,0.5437587629277756
2025-07-31,TSLA,0.0830441074897507,0.009539601296203,1,without_momentum,0.48709028533834753
2025-07-31,TXN,0.1183033216341853,0.009539601296203,1,without_momentum,0.48660856839971245
2025-08-31,AAPL,0.0968812192629327,0.0537623217326979,1,without_momentum,0.6287398457650355
2025-08-31,ADBE,-0.0110737652701246,0.0537623217326979,0,without_momentum,0.480805110575944
2025-08-31,AMAT,0.2735755093113914,0.0537623217326979,1,without_momentum,0.6029097475734569
2025-08-31,AMD,-0.0051651698423361,0.0537623217326979,0,without_momentum,0.5098998697392559
2025-08-31,AMGN,-0.0191512289766477,0.0537623217326979,0,without_momentum,0.518644152971396
2025-08-31,AMZN,-0.041179007317822,0.0537623217326979,0,without_momentum,0.474946042510952
2025-08-31,AVGO,0.1112520962130114,0.0537623217326979,1,without_momentum,0.637573017214297
2025-08-31,COST,-0.0187528605992463,0.0537623217326979,0,without_momentum,0.41378505382326464
2025-08-31,CSCO,-0.0096973023724492,0.0537623217326979,0,without_momentum,0.5264716305387006
2025-08-31,GOOG,0.1416086578417525,0.0537623217326979,1,without_momentum,0.4532938057789795
2025-08-31,GOOGL,0.1428183421128872,0.0537623217326979,1,without_momentum,0.4413396203527822
2025-08-31,INTU,0.023853112192002,0.0537623217326979,0,without_momentum,0.4691854632414261
2025-08-31,META,-0.0051771804501959,0.0537623217326979,0,without_momentum,0.542951295287096
2025-08-31,MSFT,0.0222226828637941,0.0537623217326979,0,without_momentum,0.674098398582316
2025-08-31,NFLX,-0.0077219009376532,0.0537623217326979,0,without_momentum,0.4755966097513201
2025-08-31,NVDA,0.0712511196392733,0.0537623217326979,1,without_momentum,0.5784540212688636
2025-08-31,PEP,-0.045988077781585,0.0537623217326979,0,without_momentum,0.4854630929164814
2025-08-31,QCOM,0.0409178097913875,0.0537623217326979,0,without_momentum,0.45153222754292066
2025-08-31,TSLA,0.3320154782540658,0.0537623217326979,1,without_momentum,0.4371065746558968
2025-08-31,TXN,-0.0926016830726043,0.0537623217326979,0,without_momentum,0.5025774183682061
2025-09-30,AAPL,0.061815207668346,0.0478038018648532,1,without_momentum,0.5690621631583631
2025-09-30,ADBE,-0.0352657758792525,0.0478038018648532,0,without_momentum,0.4837873738921186
2025-09-30,AMAT,0.1385171454787337,0.0478038018648532,1,without_momentum,0.5501280114102524
2025-09-30,AMD,0.5830397783886911,0.0478038018648532,1,without_momentum,0.5522990175383862
2025-09-30,AMGN,0.0575123992858435,0.0478038018648532,1,without_momentum,0.4799056775684168
2025-09-30,AMZN,0.1122648498166054,0.0478038018648532,1,without_momentum,0.5853671931137523
2025-09-30,AVGO,0.1203965118934498,0.0478038018648532,1,without_momentum,0.5085610612214997
2025-09-30,COST,-0.0139262112834579,0.0478038018648532,0,without_momentum,0.5108527032824759
2025-09-30,CSCO,0.0749992601883446,0.0478038018648532,1,without_momentum,0.5080917010610171
2025-09-30,GOOG,0.1571341494419047,0.0478038018648532,1,without_momentum,0.4847248283692832
2025-09-30,GOOGL,0.1566844484934648,0.0478038018648532,1,without_momentum,0.47284711335390106
2025-09-30,INTU,-0.0207055033133902,0.0478038018648532,0,without_momentum,0.41750911887469155
2025-09-30,META,-0.1171464333124543,0.0478038018648532,0,without_momentum,0.4727970392308399
2025-09-30,MSFT,-0.0002703764529621,0.0478038018648532,0,without_momentum,0.6661285038531036
2025-09-30,NFLX,-0.0667767392171451,0.0478038018648532,0,without_momentum,0.4505036168242046
2025-09-30,NVDA,0.0852717678839181,0.0478038018648532,1,without_momentum,0.5671263309945315
2025-09-30,PEP,0.0402306185589036,0.0478038018648532,0,without_momentum,0.5085509810113514
2025-09-30,QCOM,0.0874007511256687,0.0478038018648532,1,without_momentum,0.47499561291177517
2025-09-30,TSLA,0.026623485126352,0.0478038018648532,0,without_momentum,0.5923448499351429
2025-09-30,TXN,-0.1133666144757457,0.0478038018648532,0,without_momentum,0.4766478600415409
2025-10-31,AAPL,0.0323641735556694,-0.0156103125344173,1,without_momentum,0.49962521006977056
2025-10-31,ADBE,-0.0592988534587692,-0.0156103125344173,0,without_momentum,0.5338371549028534
2025-10-31,AMAT,0.0842748311044161,-0.0156103125344173,1,without_momentum,0.48103137318146805
2025-10-31,AMD,-0.1506715487802262,-0.0156103125344173,0,without_momentum,0.5215739513343298
2025-10-31,AMGN,0.1658477012755297,-0.0156103125344173,1,without_momentum,0.4686518584835509
2025-10-31,AMZN,-0.0450413559291534,-0.0156103125344173,0,without_momentum,0.5662161356864749
2025-10-31,AVGO,0.0901711705481083,-0.0156103125344173,1,without_momentum,0.508298506305317
2025-10-31,COST,0.0023479613753503,-0.0156103125344173,1,without_momentum,0.5052439534204819
2025-10-31,CSCO,0.0523869596128732,-0.0156103125344173,1,without_momentum,0.4588688474522262
2025-10-31,GOOG,0.1359020785724563,-0.0156103125344173,1,without_momentum,0.591758466571774
2025-10-31,GOOGL,0.1386606475547467,-0.0156103125344173,1,without_momentum,0.5579791235319036
2025-10-31,INTU,-0.0501385181648083,-0.0156103125344173,0,without_momentum,0.4295734883309014
2025-10-31,META,-0.0006168941794297,-0.0156103125344173,1,without_momentum,0.5604008089108755
2025-10-31,MSFT,-0.0480467906235131,-0.0156103125344173,0,without_momentum,0.5747034202365865
2025-10-31,NFLX,-0.0384855986878255,-0.0156103125344173,0,without_momentum,0.4767559445879266
2025-10-31,NVDA,-0.1258827775133191,-0.0156103125344173,0,without_momentum,0.5343784636670651
2025-10-31,PEP,0.0181395642422692,-0.0156103125344173,1,without_momentum,0.555793385738974
2025-10-31,QCOM,-0.070812533929409,-0.0156103125344173,0,without_momentum,0.593023056344972
2025-10-31,TSLA,-0.0578017878744897,-0.0156103125344173,0,without_momentum,0.5501953565652786
2025-10-31,TXN,0.0421775930556937,-0.0156103125344173,1,without_momentum,0.5139661065644787
2025-11-30,AAPL,-0.0250672886268734,-0.006699365349315,0,without_momentum,0.49251887490000995
2025-11-30,ADBE,0.0932745600103717,-0.006699365349315,1,without_momentum,0.44977281984769396
2025-11-30,AMAT,0.018790852645824,-0.006699365349315,1,without_momentum,0.5947480900389474
2025-11-30,AMD,-0.0154920936702926,-0.006699365349315,0,without_momentum,0.45257437078080653
2025-11-30,AMGN,-0.0525386731309793,-0.006699365349315,0,without_momentum,0.40244839495371865
2025-11-30,AMZN,-0.0102906864073514,-0.006699365349315,0,without_momentum,0.5147334580125215
2025-11-30,AVGO,-0.1394624026139842,-0.006699365349315,0,without_momentum,0.4844012895562496
2025-11-30,COST,-0.0560973403777791,-0.006699365349315,0,without_momentum,0.5069615453981331
2025-11-30,CSCO,0.0011697467886038,-0.006699365349315,1,without_momentum,0.4361352497265721
2025-11-30,GOOG,-0.0191029452093197,-0.006699365349315,0,without_momentum,0.6047170667471646
2025-11-30,GOOGL,-0.0217854356294473,-0.006699365349315,0,without_momentum,0.6015478099432958
2025-11-30,INTU,0.0446946312673244,-0.006699365349315,1,without_momentum,0.45990564116793725
2025-11-30,META,0.0195668422097461,-0.006699365349315,1,without_momentum,0.5201941472573275
2025-11-30,MSFT,-0.017052520929609,-0.006699365349315,0,without_momentum,0.45526408297842486
2025-11-30,NFLX,-0.1284625344822668,-0.006699365349315,0,without_momentum,0.4433840650032303
2025-11-30,NVDA,0.0537309315347924,-0.006699365349315,1,without_momentum,0.5639497296509809
2025-11-30,PEP,-0.0256571712707275,-0.006699365349315,0,without_momentum,0.47667228071200013
2025-11-30,QCOM,0.0228093174974415,-0.006699365349315,1,without_momentum,0.45389703112411667
2025-11-30,TSLA,0.0454471190057812,-0.006699365349315,1,without_momentum,0.5370307410638028
2025-11-30,TXN,0.0310215514564426,-0.006699365349315,1,without_momentum,0.5078875901538651
2025-12-31,AAPL,-0.0455380852534945,0.0123065646397895,0,without_momentum,0.6238256975912134
2025-12-31,ADBE,-0.1621188943043153,0.0123065646397895,0,without_momentum,0.5273888339470352
2025-12-31,AMAT,0.2542123227822093,0.0123065646397895,1,without_momentum,0.5962914133100163
2025-12-31,AMD,0.1053884557316289,0.0123065646397895,1,without_momentum,0.515152630403242
2025-12-31,AMGN,0.0445145017961234,0.0123065646397895,1,without_momentum,0.5332945442418419
2025-12-31,AMZN,0.0367385645024598,0.0123065646397895,1,without_momentum,0.4791101089515981
2025-12-31,AVGO,-0.0427621654672941,0.0123065646397895,0,without_momentum,0.49422488522959507
2025-12-31,COST,0.0918366644400849,0.0123065646397895,1,without_momentum,0.5355399466635721
2025-12-31,CSCO,0.0221872633809263,0.0123065646397895,1,without_momentum,0.4185594949126056
2025-12-31,GOOG,0.0788082474752849,0.0123065646397895,1,without_momentum,0.6077759030641697
2025-12-31,GOOGL,0.0798721982346861,0.0123065646397895,1,without_momentum,0.6118362636933745
2025-12-31,INTU,-0.2454350457313868,0.0123065646397895,0,without_momentum,0.449398667743853
2025-12-31,META,0.0854580689253095,0.0123065646397895,1,without_momentum,0.43774152947375816
2025-12-31,MSFT,-0.1102725416573149,0.0123065646397895,0,without_momentum,0.41449059989222614
2025-12-31,NFLX,-0.1095350260075607,0.0123065646397895,0,without_momentum,0.509272364413928
2025-12-31,NVDA,0.0248258171525319,0.0123065646397895,1,without_momentum,0.5125568896872822
2025-12-31,PEP,0.0704431840082866,0.0123065646397895,1,without_momentum,0.48928358431778957
2025-12-31,QCOM,-0.1137679419887411,0.0123065646397895,0,without_momentum,0.3912832666053877
2025-12-31,TSLA,-0.0429378224365815,0.0123065646397895,0,without_momentum,0.4815646988498197
2025-12-31,TXN,0.250544398871003,0.0123065646397895,1,without_momentum,0.5284847722645745
2026-01-31,AAPL,0.0190657972612526,-0.023445512550915,1,without_momentum,0.5197450824345823
2026-01-31,ADBE,-0.1051662279211956,-0.023445512550915,0,without_momentum,0.514876660602016
2026-01-31,AMAT,0.156503769293407,-0.023445512550915,1,without_momentum,0.559132590527268
2026-01-31,AMD,-0.1542685323903946,-0.023445512550915,0,without_momentum,0.4289777191228553
2026-01-31,AMGN,0.1432362323324021,-0.023445512550915,1,without_momentum,0.5263637147742032
2026-01-31,AMZN,-0.1224404625077274,-0.023445512550915,0,without_momentum,0.5627167044146213
2026-01-31,AVGO,-0.0354663539257567,-0.023445512550915,0,without_momentum,0.4867143882552607
2026-01-31,COST,0.0750226146390742,-0.023445512550915,1,without_momentum,0.41831762184261656
2026-01-31,CSCO,0.0145556817275827,-0.023445512550915,1,without_momentum,0.41873272144562634
2026-01-31,GOOG,-0.0800520829807351,-0.023445512550915,0,without_momentum,0.5327774674101255
2026-01-31,GOOGL,-0.0776330856383754,-0.023445512550915,0,without_momentum,0.5523011104115629
2026-01-31,INTU,-0.1801692270364647,-0.023445512550915,0,without_momentum,0.5665952588717064
2026-01-31,META,-0.0953524306949691,-0.023445512550915,0,without_momentum,0.49127781515356445
2026-01-31,MSFT,-0.0851834667392735,-0.023445512550915,0,without_momentum,0.5200638869695837
2026-01-31,NFLX,0.1527129036558863,-0.023445512550915,1,without_momentum,0.4932371441204896
2026-01-31,NVDA,-0.072934655525534,-0.023445512550915,0,without_momentum,0.5208407147390081
2026-01-31,PEP,0.1048623309826402,-0.023445512550915,1,without_momentum,0.5119338511595948
2026-01-31,QCOM,-0.0608879602232864,-0.023445512550915,0,without_momentum,0.5150541790523945
2026-01-31,TSLA,-0.0648218992567539,-0.023445512550915,0,without_momentum,0.49420885854254837
2026-01-31,TXN,-0.0159591646198673,-0.023445512550915,1,without_momentum,0.5939489861618164
2026-02-28,AAPL,-0.0393292873989353,-0.04838249516441,1,without_momentum,0.4501500481174699
2026-02-28,ADBE,-0.0736633571940529,-0.04838249516441,0,without_momentum,0.6495137277365994
2026-02-28,AMAT,-0.0819500115680905,-0.04838249516441,0,without_momentum,0.5600232714436744
2026-02-28,AMD,0.016083042075494,-0.04838249516441,1,without_momentum,0.5547887564560713
2026-02-28,AMGN,-0.0935438483422475,-0.04838249516441,0,without_momentum,0.6554197964785189
2026-02-28,AMZN,-0.0082380748930432,-0.04838249516441,1,without_momentum,0.6342124171247631
2026-02-28,AVGO,-0.0293873502480307,-0.04838249516441,1,without_momentum,0.45515965228284644
2026-02-28,COST,-0.0142067492187719,-0.04838249516441,1,without_momentum,0.48436561670436346
2026-02-28,CSCO,-0.0235338473652071,-0.04838249516441,1,without_momentum,0.5543354638576478
2026-02-28,GOOG,-0.0782452642465085,-0.04838249516441,0,without_momentum,0.5784362310480435
2026-02-28,GOOGL,-0.0769745802781913,-0.04838249516441,0,without_momentum,0.5889300860098006
2026-02-28,INTU,0.0570863065314828,-0.04838249516441,1,without_momentum,0.6706186001168641
2026-02-28,META,-0.1165727797272506,-0.04838249516441,0,without_momentum,0.572469392337064
2026-02-28,MSFT,-0.0574680152016615,-0.04838249516441,0,without_momentum,0.6183993171075798
2026-02-28,NFLX,-0.0009351240636767,-0.04838249516441,1,without_momentum,0.5609774992342981
2026-02-28,NVDA,-0.0156925510196515,-0.04838249516441,1,without_momentum,0.56123528837039
2026-02-28,PEP,-0.0769567063191792,-0.04838249516441,0,without_momentum,0.5604960961865102
2026-02-28,QCOM,-0.0895839606291548,-0.04838249516441,0,without_momentum,0.6382700128828425
2026-02-28,TSLA,-0.0764204840111579,-0.04838249516441,0,without_momentum,0.5446824743861075
2026-02-28,TXN,-0.0847201709083944,-0.04838249516441,0,without_momentum,0.5469994458031029
2026-03-31,AAPL,0.0691911950066288,0.1569007687376087,0,without_momentum,0.5054457978448065
2026-03-31,ADBE,0.0124239108512096,0.1569007687376087,0,without_momentum,0.6166976467959819
2026-03-31,AMAT,0.1541881994148153,0.1569007687376087,0,without_momentum,0.4420898268094201
2026-03-31,AMD,0.7425650248110034,0.1569007687376087,1,without_momentum,0.45600107749548974
2026-03-31,AMGN,-0.0159159172280719,0.1569007687376087,0,without_momentum,0.5785445809907447
2026-03-31,AMZN,0.2726748553374951,0.1569007687376087,1,without_momentum,0.6034589721017479
2026-03-31,AVGO,0.3486801004700972,0.1569007687376087,1,without_momentum,0.48227485273621556
2026-03-31,COST,0.0181649277438011,0.1569007687376087,0,without_momentum,0.4691510964017258
2026-03-31,CSCO,0.1856658589490689,0.1569007687376087,1,without_momentum,0.6068650467402538
2026-03-31,GOOG,0.3314509609892264,0.1569007687376087,1,without_momentum,0.5710123429514623
2026-03-31,GOOGL,0.3381554975124616,0.1569007687376087,1,without_momentum,0.5828830169553292
2026-03-31,INTU,-0.098708126210196,0.1569007687376087,0,without_momentum,0.6299771682340397
2026-03-31,META,0.0695296514782868,0.1569007687376087,0,without_momentum,0.517361456514529
2026-03-31,MSFT,0.1016019642556758,0.1569007687376087,0,without_momentum,0.5122907345771714
2026-03-31,NFLX,-0.0264170657848996,0.1569007687376087,0,without_momentum,0.5190289557879995
2026-03-31,NVDA,0.1443234085538123,0.1569007687376087,0,without_momentum,0.5093689258501192
2026-03-31,PEP,0.020606633260273,0.1569007687376087,0,without_momentum,0.5298730924646099
2026-03-31,QCOM,0.3944712296321808,0.1569007687376087,1,without_momentum,0.5605244259359972
2026-03-31,TSLA,0.0265770138071621,0.1569007687376087,0,without_momentum,0.5210517599306805
2026-03-31,TXN,0.4478210837502554,0.1569007687376087,1,without_momentum,0.6233950009778012
2026-04-30,AAPL,0.1510870878118577,0.1056848850894773,1,without_momentum,0.470548553750442
2026-04-30,ADBE,0.0532709671939144,0.1056848850894773,0,without_momentum,0.4860329119915516
2026-04-30,AMAT,0.1422837269040517,0.1056848850894773,1,without_momentum,0.46529207275691875
2026-04-30,AMD,0.4558943547170746,0.1056848850894773,1,without_momentum,0.4830242563737607
2026-04-30,AMGN,-0.0199761404166848,0.1056848850894773,0,without_momentum,0.5508418549210485
2026-04-30,AMZN,0.0210519019891346,0.1056848850894773,0,without_momentum,0.5362137376576303
2026-04-30,AVGO,0.0702872400219907,0.1056848850894773,0,without_momentum,0.5553181889205586
2026-04-30,COST,-0.0560085759854093,0.1056848850894773,0,without_momentum,0.5123212993200467
2026-04-30,CSCO,0.3160655117551401,0.1056848850894773,1,without_momentum,0.5236183342584223
2026-04-30,GOOG,-0.0144263433249531,0.1056848850894773,0,without_momentum,0.6350659402357965
2026-04-30,GOOGL,-0.0115904338806527,0.1056848850894773,0,without_momentum,0.6389008794573174
2026-04-30,INTU,-0.1466409188727515,0.1056848850894773,0,without_momentum,0.572660994068347
2026-04-30,META,0.0336650942218894,0.1056848850894773,0,without_momentum,0.438435983437649
2026-04-30,MSFT,0.1065161348048717,0.1056848850894773,1,without_momentum,0.4982668811663029
2026-04-30,NFLX,-0.0810811229334169,0.1056848850894773,0,without_momentum,0.4784144951430199
2026-04-30,NVDA,0.0579746588165734,0.1056848850894773,0,without_momentum,0.3995991888120926
2026-04-30,PEP,-0.0902264673073079,0.1056848850894773,0,without_momentum,0.5511908645779935
2026-04-30,QCOM,0.3978171097936005,0.1056848850894773,1,without_momentum,0.4877491132754602
2026-04-30,TSLA,0.141917571912985,0.1056848850894773,1,without_momentum,0.46728476227266774
2026-04-30,TXN,0.0930453268254547,0.1056848850894773,0,without_momentum,0.5657703305924852
2026-05-31,AAPL,-0.0727424610159107,-0.001490831230688,0,without_momentum,0.4411078989722563
2026-05-31,ADBE,-0.2090582499479326,-0.001490831230688,0,without_momentum,0.5633420448553876
2026-05-31,AMAT,0.6064524817180001,-0.001490831230688,1,without_momentum,0.42816626041680317
2026-05-31,AMD,0.1255764398845664,-0.001490831230688,1,without_momentum,0.5560977857238689
2026-05-31,AMGN,0.0752100297799869,-0.001490831230688,1,without_momentum,0.4570031051820903
2026-05-31,AMZN,-0.1193467948651447,-0.001490831230688,0,without_momentum,0.46639475980736356
2026-05-31,AVGO,-0.1531484762625794,-0.001490831230688,0,without_momentum,0.48628614230138717
2026-05-31,COST,-0.0218023637081818,-0.001490831230688,0,without_momentum,0.5367287532881391
2026-05-31,CSCO,-0.0245806259437284,-0.001490831230688,0,without_momentum,0.6236930438736692
2026-05-31,GOOG,-0.0608011120557968,-0.001490831230688,0,without_momentum,0.5316784972962197
2026-05-31,GOOGL,-0.0598320859768355,-0.001490831230688,0,without_momentum,0.48229448766744565
2026-05-31,INTU,-0.2127409641478356,-0.001490831230688,0,without_momentum,0.6550624589767913
2026-05-31,META,-0.1086116431936491,-0.001490831230688,0,without_momentum,0.5348826593428999
2026-05-31,MSFT,-0.1715085352158653,-0.001490831230688,0,without_momentum,0.5374591414757003
2026-05-31,NFLX,-0.1699604241773233,-0.001490831230688,0,without_momentum,0.5248693522814425
2026-05-31,NVDA,-0.0512304934107208,-0.001490831230688,0,without_momentum,0.4828952114130246
2026-05-31,PEP,-0.0510816146417201,-0.001490831230688,0,without_momentum,0.4349857790760524
2026-05-31,QCOM,-0.2611245912981512,-0.001490831230688,0,without_momentum,0.4976402719374215
2026-05-31,TSLA,-0.0348562430151274,-0.001490831230688,0,without_momentum,0.4814283348387614
2026-05-31,TXN,-0.0248952680381473,-0.001490831230688,0,without_momentum,0.6221474537791142
2026-06-30,AAPL,0.1286633013237643,-0.0547800455161126,1,without_momentum,0.4622154486370548
2026-06-30,ADBE,0.1449614701071162,-0.0547800455161126,1,without_momentum,0.6064733876489389
2026-06-30,AMAT,-0.2728907161728475,-0.0547800455161126,0,without_momentum,0.5466790840293176
2026-06-30,AMD,-0.1331358892009763,-0.0547800455161126,0,without_momentum,0.42309274806969605
2026-06-30,AMGN,0.0056611574566145,-0.0547800455161126,1,without_momentum,0.43270892823652285
2026-06-30,AMZN,0.0488797907790408,-0.0547800455161126,1,without_momentum,0.48710109806586116
2026-06-30,AVGO,0.0010853836190849,-0.0547800455161126,1,without_momentum,0.3965923254411888
2026-06-30,COST,0.0003527821310989,-0.0547800455161126,1,without_momentum,0.45094159128342975
2026-06-30,CSCO,-0.0540258699492648,-0.0547800455161126,1,without_momentum,0.5252081475862382
2026-06-30,GOOG,-0.0055471981704481,-0.0547800455161126,1,without_momentum,0.4827939340899102
2026-06-30,GOOGL,-0.0150544392543316,-0.0547800455161126,1,without_momentum,0.4584513242918724
2026-06-30,INTU,0.1307339164013421,-0.0547800455161126,1,without_momentum,0.6685823864230473
2026-06-30,META,0.1465674888229344,-0.0547800455161126,1,without_momentum,0.5142930321959217
2026-06-30,MSFT,0.0784676971565112,-0.0547800455161126,1,without_momentum,0.5343191568204223
2026-06-30,NFLX,-0.0532213301197269,-0.0547800455161126,1,without_momentum,0.6535428397476841
2026-06-30,NVDA,0.0159428382217534,-0.0547800455161126,1,without_momentum,0.41915580025481913
2026-06-30,PEP,0.0004432261454065,-0.0547800455161126,1,without_momentum,0.46625462302250203
2026-06-30,QCOM,-0.0783050299672256,-0.0547800455161126,0,without_momentum,0.43885415862850113
2026-06-30,TSLA,-0.1213266715139742,-0.0547800455161126,0,without_momentum,0.4550254612232889
2026-06-30,TXN,-0.0469688316703794,-0.0547800455161126,1,without_momentum,0.47124249129887413
2024-07-31,AAPL,0.032353605269078,0.0110387541930649,1,without_volume,0.6082221727363644
2024-07-31,ADBE,0.0412579492852254,0.0110387541930649,1,without_volume,0.5456882076602845
2024-07-31,AMAT,-0.0686237039668253,0.0110387541930649,0,without_volume,0.5401418916322952
2024-07-31,AMD,0.0282392161662903,0.0110387541930649,1,without_volume,0.40444323242659724
2024-07-31,AMGN,0.0110819375300605,0.0110387541930649,1,without_volume,0.4863026404191446
2024-07-31,AMZN,-0.045352422298136,0.0110387541930649,0,without_volume,0.511365511083773
2024-07-31,AVGO,0.0133185783428655,0.0110387541930649,1,without_volume,0.41868610345983653
2024-07-31,COST,0.085620331358543,0.0110387541930649,1,without_volume,0.5577245262745822
2024-07-31,CSCO,0.0431371435148633,0.0110387541930649,1,without_volume,0.5334948529989826
2024-07-31,GOOG,-0.0464335721714519,0.0110387541930649,0,without_volume,0.5084615481162028
2024-07-31,GOOGL,-0.0475689188191061,0.0110387541930649,0,without_volume,0.5167301514309606
2024-07-31,INTU,-0.0264000316281816,0.0110387541930649,0,without_volume,0.43812543726231884
2024-07-31,META,0.0978876100904015,0.0110387541930649,1,without_volume,0.5635424344972427
2024-07-31,MSFT,-0.0010950338042321,0.0110387541930649,0,without_volume,0.42085876770844
2024-07-31,NFLX,0.1161773399876078,0.0110387541930649,1,without_volume,0.4558758783714659
2024-07-31,NVDA,0.0200822122400174,0.0110387541930649,1,without_volume,0.4215789078633686
2024-07-31,PEP,0.0012160859646712,0.0110387541930649,0,without_volume,0.43524049255522707
2024-07-31,QCOM,-0.0312242667899543,0.0110387541930649,0,without_volume,0.581904032384197
2024-07-31,TSLA,-0.0773904690267696,0.0110387541930649,0,without_volume,0.5648763876900186
2024-07-31,TXN,0.0516657354901359,0.0110387541930649,1,without_volume,0.4347704052333997
2024-08-31,AAPL,0.0174671457188737,0.0262160295313964,0,without_volume,0.6158127779874981
2024-08-31,ADBE,-0.0985880233548925,0.0262160295313964,0,without_volume,0.6085336865779324
2024-08-31,AMAT,0.0242825726644042,0.0262160295313964,0,without_volume,0.48499761449188744
2024-08-31,AMD,0.1044696050586542,0.0262160295313964,1,without_volume,0.5173596606821576
2024-08-31,AMGN,-0.0348080606616325,0.0262160295313964,0,without_volume,0.5032178988295246
2024-08-31,AMZN,0.0438655564764969,0.0262160295313964,1,without_volume,0.3804058261612351
2024-08-31,AVGO,0.0629367290972977,0.0262160295313964,1,without_volume,0.5422373656875888
2024-08-31,COST,-0.0065667126070291,0.0262160295313964,0,without_volume,0.5986764128682325
2024-08-31,CSCO,0.0530273719178453,0.0262160295313964,1,without_volume,0.5524461455474401
2024-08-31,GOOG,0.0139305272805616,0.0262160295313964,0,without_volume,0.49867336266285256
2024-08-31,GOOGL,0.0164651610338451,0.0262160295313964,0,without_volume,0.501070587250233
2024-08-31,INTU,-0.0146923374199152,0.0262160295313964,0,without_volume,0.5362745832253037
2024-08-31,META,0.0991273179879281,0.0262160295313964,1,without_volume,0.5410890674737774
2024-08-31,MSFT,0.0315480912959345,0.0262160295313964,1,without_volume,0.40760265820760294
2024-08-31,NFLX,0.0112925043526219,0.0262160295313964,0,without_volume,0.4809723407315156
2024-08-31,NVDA,0.0174280680549436,0.0262160295313964,0,without_volume,0.41918969421297836
2024-08-31,PEP,-0.0088794262922503,0.0262160295313964,0,without_volume,0.4800268785071406
2024-08-31,QCOM,-0.0249354027347803,0.0262160295313964,0,without_volume,0.5387598076746106
2024-08-31,TSLA,0.2219420117556314,0.0262160295313964,1,without_volume,0.49780190664173946
2024-08-31,TXN,-0.036250617293745,0.0262160295313964,0,without_volume,0.47025838060005765
2024-09-30,AAPL,-0.0304291846966061,-0.0086463559104306,0,without_volume,0.5627507888078717
2024-09-30,ADBE,-0.0766735688483785,-0.0086463559104306,0,without_volume,0.43973748129802676
2024-09-30,AMAT,-0.1013114774453455,-0.0086463559104306,0,without_volume,0.5154156420507396
2024-09-30,AMD,-0.121952671157569,-0.0086463559104306,0,without_volume,0.4382615263386239
2024-09-30,AMGN,-0.0063621979331132,-0.0086463559104306,1,without_volume,0.5812507558900044
2024-09-30,AMZN,0.0003756349741959,-0.0086463559104306,1,without_volume,0.46736732764637756
2024-09-30,AVGO,-0.015826247047905,-0.0086463559104306,0,without_volume,0.38647972178724155
2024-09-30,COST,-0.0139195630400947,-0.0086463559104306,0,without_volume,0.568392303663824
2024-09-30,CSCO,0.036989338483875,-0.0086463559104306,1,without_volume,0.5406889422726191
2024-09-30,GOOG,0.0328967713356791,-0.0086463559104306,1,without_volume,0.6334162184822898
2024-09-30,GOOGL,0.0317151610345349,-0.0086463559104306,1,without_volume,0.6230884385239904
2024-09-30,INTU,-0.0155832292427423,-0.0086463559104306,0,without_volume,0.5393391796713227
2024-09-30,META,-0.0084898937878576,-0.0086463559104306,1,without_volume,0.5692648908228382
2024-09-30,MSFT,-0.0556588813617846,-0.0086463559104306,0,without_volume,0.4386469159929907
2024-09-30,NFLX,0.0659268648650508,-0.0086463559104306,1,without_volume,0.46694130329060407
2024-09-30,NVDA,0.093214607697996,-0.0086463559104306,1,without_volume,0.4167424379647556
2024-09-30,PEP,-0.0233462090440089,-0.0086463559104306,0,without_volume,0.49967333134862346
2024-09-30,QCOM,-0.0428109621341493,-0.0086463559104306,0,without_volume,0.4514620197634187
2024-09-30,TSLA,-0.0450254120683647,-0.0086463559104306,0,without_volume,0.4535178247534782
2024-09-30,TXN,-0.0100329261207495,-0.0086463559104306,0,without_volume,0.5997877415393484
2024-10-31,AAPL,0.0517069693875071,0.0535082171626466,0,without_volume,0.5633981685801516
2024-10-31,ADBE,0.0791708650573146,0.0535082171626466,1,without_volume,0.498309133349011
2024-10-31,AMAT,-0.0355718516640958,0.0535082171626466,0,without_volume,0.40479746095549296
2024-10-31,AMD,-0.0478240737014196,0.0535082171626466,0,without_volume,0.4871766540229323
2024-10-31,AMGN,-0.1094076991024316,0.0535082171626466,0,without_volume,0.5055916679440519
2024-10-31,AMZN,0.1152897328156477,0.0535082171626466,1,without_volume,0.5185260250764077
2024-10-31,AVGO,-0.0452964254728345,0.0535082171626466,0,without_volume,0.43806273289706915
2024-10-31,COST,0.1132390045546267,0.0535082171626466,1,without_volume,0.5409185593327924
2024-10-31,CSCO,0.0810663387539496,0.0535082171626466,1,without_volume,0.5752398514387305
2024-10-31,GOOG,-0.012739669642318,0.0535082171626466,0,without_volume,0.3980565961424366
2024-10-31,GOOGL,-0.0126233697468999,0.0535082171626466,0,without_volume,0.3936576588810796
2024-10-31,INTU,0.0514992353002206,0.0535082171626466,0,without_volume,0.4806994267627763
2024-10-31,META,0.0118749280096819,0.0535082171626466,0,without_volume,0.5127851900372989
2024-10-31,MSFT,0.0441925051795559,0.0535082171626466,0,without_volume,0.541050903357872
2024-10-31,NFLX,0.1729825996151546,0.0535082171626466,1,without_volume,0.5083052438063029
2024-10-31,NVDA,0.0413528974667274,0.0535082171626466,0,without_volume,0.4780687112217371
2024-10-31,PEP,-0.0158357170842929,0.0535082171626466,0,without_volume,0.4200342506403579
2024-10-31,QCOM,-0.0260489378629769,0.0535082171626466,0,without_volume,0.4948073590935699
2024-10-31,TSLA,0.3814688622385136,0.0535082171626466,1,without_volume,0.47333634684456416
2024-10-31,TXN,-0.0104842508736225,0.0535082171626466,0,without_volume,0.5194743029869067
2024-11-30,AAPL,0.0551551975335746,0.0045404969264244,1,without_volume,0.5382210197428803
2024-11-30,ADBE,-0.1381001318230681,0.0045404969264244,0,without_volume,0.5870994131295865
2024-11-30,AMAT,-0.069143213498102,0.0045404969264244,0,without_volume,0.4509865832073634
2024-11-30,AMD,-0.1194780043398231,0.0045404969264244,0,without_volume,0.47800366751643725
2024-11-30,AMGN,-0.0785870401414239,0.0045404969264244,0,without_volume,0.4324489186321787
2024-11-30,AMZN,0.0553177162622697,0.0045404969264244,1,without_volume,0.5299676297151517
2024-11-30,AVGO,0.4342371835268781,0.0045404969264244,1,without_volume,0.5060118780795302
2024-11-30,COST,-0.0572188433973216,0.0045404969264244,0,without_volume,0.49642070033007535
2024-11-30,CSCO,-0.0001689028922357,0.0045404969264244,0,without_volume,0.45154110680220394
2024-11-30,GOOG,0.1182830573454472,0.0045404969264244,1,without_volume,0.5345140228394503
2024-11-30,GOOGL,0.1217340405274778,0.0045404969264244,1,without_volume,0.532839781412412
2024-11-30,INTU,-0.0206161098739873,0.0045404969264244,0,without_volume,0.5223090450046671
2024-11-30,META,0.0203063736401394,0.0045404969264244,1,without_volume,0.6064268138084313
2024-11-30,MSFT,-0.0046285135158982,0.0045404969264244,0,without_volume,0.46064895864299815
2024-11-30,NFLX,0.0050856894888637,0.0045404969264244,1,without_volume,0.507284348852253
2024-11-30,NVDA,-0.0285769178431161,0.0045404969264244,0,without_volume,0.6397866473782104
2024-11-30,PEP,-0.0617636224787745,0.0045404969264244,0,without_volume,0.4625828145193962
2024-11-30,QCOM,-0.0259032746563492,0.0045404969264244,0,without_volume,0.5188102791880531
2024-11-30,TSLA,0.1700080891563131,0.0045404969264244,1,without_volume,0.49633669064272806
2024-11-30,TXN,-0.0672536799653069,0.0045404969264244,0,without_volume,0.5174709827612792
2024-12-31,AAPL,-0.0575832864423716,0.0216339201740081,0,without_volume,0.5440286324732093
2024-12-31,ADBE,-0.0162588391378818,0.0216339201740081,0,without_volume,0.5785214620313288
2024-12-31,AMAT,0.108959053536314,0.0216339201740081,1,without_volume,0.5488978506840295
2024-12-31,AMD,-0.0400695747214202,0.0216339201740081,0,without_volume,0.5983889777293142
2024-12-31,AMGN,0.0950734275898357,0.0216339201740081,1,without_volume,0.4910358677547681
2024-12-31,AMZN,0.083367488659539,0.0216339201740081,1,without_volume,0.42826214799261064
2024-12-31,AVGO,-0.0455917646978838,0.0216339201740081,0,without_volume,0.5171687557606268
2024-12-31,COST,0.0694227926245696,0.0216339201740081,1,without_volume,0.47586923398799796
2024-12-31,CSCO,0.0306240014335366,0.0216339201740081,1,without_volume,0.537977170032347
2024-12-31,GOOG,0.0796050886702883,0.0216339201740081,1,without_volume,0.49619197702537915
2024-12-31,GOOGL,0.0777601399116461,0.0216339201740081,1,without_volume,0.49513803597806133
2024-12-31,INTU,-0.0413510438949052,0.0216339201740081,0,without_volume,0.5614859361007359
2024-12-31,META,0.1770591800762093,0.0216339201740081,1,without_volume,0.5426267122777928
2024-12-31,MSFT,-0.015278774333898,0.0216339201740081,0,without_volume,0.48836632870414254
2024-12-31,NFLX,0.0958578103881719,0.0216339201740081,1,without_volume,0.4316544305317111
2024-12-31,NVDA,-0.1058901733604136,0.0216339201740081,0,without_volume,0.4818001198606916
2024-12-31,PEP,-0.0090094029665265,0.0216339201740081,0,without_volume,0.5168888383676628
2024-12-31,QCOM,0.1257000005641959,0.0216339201740081,1,without_volume,0.5753931628266827
2024-12-31,TSLA,0.0018819576379678,0.0216339201740081,0,without_volume,0.4264062535771853
2024-12-31,TXN,-0.0081852837773849,0.0216339201740081,0,without_volume,0.4521246425063595
2025-01-31,AAPL,0.025872532730673,-0.0270347304314839,1,without_volume,0.3586692067169168
2025-01-31,ADBE,0.0025373992926924,-0.0270347304314839,1,without_volume,0.5702110467422469
2025-01-31,AMAT,-0.1215186459774313,-0.0270347304314839,0,without_volume,0.39239750722249805
2025-01-31,AMD,-0.1387666818574638,-0.0270347304314839,0,without_volume,0.551040692019419
2025-01-31,AMGN,0.088041664608548,-0.0270347304314839,1,without_volume,0.49493544324051014
2025-01-31,AMZN,-0.1068663525715117,-0.0270347304314839,0,without_volume,0.5355176710359246
2025-01-31,AVGO,-0.0987030662758818,-0.0270347304314839,0,without_volume,0.44118077158815083
2025-01-31,COST,0.0713234700383356,-0.0270347304314839,1,without_volume,0.5075666827394466
2025-01-31,CSCO,0.057920856698409,-0.0270347304314839,1,without_volume,0.6037903936870476
2025-01-31,GOOG,-0.1623541881738535,-0.0270347304314839,0,without_volume,0.5771785871209559
2025-01-31,GOOGL,-0.1653760794155103,-0.0270347304314839,0,without_volume,0.5724931580449217
2025-01-31,INTU,0.0204985488677544,-0.0270347304314839,1,without_volume,0.44374514593240943
2025-01-31,META,-0.0304420047440421,-0.0270347304314839,0,without_volume,0.5626931205916891
2025-01-31,MSFT,-0.0416180538185706,-0.0270347304314839,0,without_volume,0.5190201259312517
2025-01-31,NFLX,0.0038903849838498,-0.0270347304314839,1,without_volume,0.5790291657924647
2025-01-31,NVDA,0.0403930930624214,-0.0270347304314839,1,without_volume,0.4426127234108366
2025-01-31,PEP,0.0184483478148462,-0.0270347304314839,1,without_volume,0.5288524677072263
2025-01-31,QCOM,-0.091135242014198,-0.0270347304314839,0,without_volume,0.4009589263972644
2025-01-31,TSLA,-0.2758773935575025,-0.0270347304314839,0,without_volume,0.4133743244965954
2025-01-31,TXN,0.0616434593694261,-0.0270347304314839,1,without_volume,0.5456880723163567
2025-02-28,AAPL,-0.0815002077582137,-0.075861917921729,0,without_volume,0.41591705035574067
2025-02-28,ADBE,-0.1254788377545642,-0.075861917921729,0,without_volume,0.5420654499084094
2025-02-28,AMAT,-0.0819259268794203,-0.075861917921729,0,without_volume,0.5685882246336821
2025-02-28,AMD,0.0288403488465371,-0.075861917921729,1,without_volume,0.6884673659444842
2025-02-28,AMGN,0.0113287924416656,-0.075861917921729,1,without_volume,0.49631355657431697
2025-02-28,AMZN,-0.1037309421475672,-0.075861917921729,0,without_volume,0.5533223400036854
2025-02-28,AVGO,-0.157916796394152,-0.075861917921729,0,without_volume,0.5048391734094388
2025-02-28,COST,-0.0980630433997747,-0.075861917921729,0,without_volume,0.45896338487233207
2025-02-28,CSCO,-0.0374356837994677,-0.075861917921729,1,without_volume,0.5247007918398505
2025-02-28,GOOG,-0.0918128407056253,-0.075861917921729,0,without_volume,0.5938625657645494
2025-02-28,GOOGL,-0.0908027332924799,-0.075861917921729,0,without_volume,0.5972714663489063
2025-02-28,INTU,0.0002443853154583,-0.075861917921729,1,without_volume,0.4696022707799282
2025-02-28,META,-0.1366765125057577,-0.075861917921729,0,without_volume,0.6005192085625037
2025-02-28,MSFT,-0.05440932488195,-0.075861917921729,1,without_volume,0.5273502152609935
2025-02-28,NFLX,-0.0489822286832742,-0.075861917921729,1,without_volume,0.5583874098447045
2025-02-28,NVDA,-0.1323249309931263,-0.075861917921729,0,without_volume,0.3859793728880417
2025-02-28,PEP,-0.0143631255186652,-0.075861917921729,1,without_volume,0.49749669456162005
2025-02-28,QCOM,-0.0173805787062544,-0.075861917921729,1,without_volume,0.5103018994719679
2025-02-28,TSLA,-0.1154345213189201,-0.075861917921729,0,without_volume,0.5356083860384527
2025-02-28,TXN,-0.0831165019436929,-0.075861917921729,0,without_volume,0.47880475700088587
2025-03-31,AAPL,-0.0433529542199339,0.01396820088766,0,without_volume,0.5608547956407096
2025-03-31,ADBE,-0.0222928788365492,0.01396820088766,0,without_volume,0.6509352292551289
2025-03-31,AMAT,0.0385198279174987,0.01396820088766,1,without_volume,0.5261603043722288
2025-03-31,AMD,-0.0524625219166874,0.01396820088766,0,without_volume,0.6033023227991653
2025-03-31,AMGN,-0.06621725021012,0.01396820088766,0,without_volume,0.3985473674360134
2025-03-31,AMZN,-0.0306948202801552,0.01396820088766,0,without_volume,0.6508733219524426
2025-03-31,AVGO,0.1495549814990862,0.01396820088766,1,without_volume,0.5267409638780537
2025-03-31,COST,0.0515130090773394,0.01396820088766,1,without_volume,0.5054677371828835
2025-03-31,CSCO,-0.0582494052851219,0.01396820088766,0,without_volume,0.43607091007367244
2025-03-31,GOOG,0.0298277638405073,0.01396820088766,1,without_volume,0.547021609351715
2025-03-31,GOOGL,0.0269012401918948,0.01396820088766,1,without_volume,0.5435858975822753
2025-03-31,INTU,0.0237395148215797,0.01396820088766,1,without_volume,0.5126218581950885
2025-03-31,META,-0.0474701956279407,0.01396820088766,0,without_volume,0.6102981172665912
2025-03-31,MSFT,0.0529314476776183,0.01396820088766,1,without_volume,0.5720050049692463
2025-03-31,NFLX,0.2136016972136711,0.01396820088766,1,without_volume,0.45644642545031255
2025-03-31,NVDA,0.004982410811787,0.01396820088766,0,without_volume,0.5223037043052068
2025-03-31,PEP,-0.0957715916579042,0.01396820088766,0,without_volume,0.48837022307514966
2025-03-31,QCOM,-0.03352658226324,0.01396820088766,0,without_volume,0.459202150454104
2025-03-31,TSLA,0.0887482623668549,0.01396820088766,1,without_volume,0.5430434988754567
2025-03-31,TXN,-0.101750355941628,0.01396820088766,0,without_volume,0.426896297967301
2025-04-30,AAPL,-0.053584070052247,0.0917828863360947,0,without_volume,0.5585036532540542
2025-04-30,ADBE,0.1069656626390811,0.0917828863360947,1,without_volume,0.5418098622457563
2025-04-30,AMAT,0.0430345044558253,0.0917828863360947,0,without_volume,0.47823476667948756
2025-04-30,AMD,0.1374422711097356,0.0917828863360947,1,without_volume,0.6013150762618887
2025-04-30,AMGN,-0.0006642961736257,0.0917828863360947,0,without_volume,0.39557977809173744
2025-04-30,AMZN,0.1116473080052216,0.0917828863360947,1,without_volume,0.6046780501713749
2025-04-30,AVGO,0.2577025845783409,0.0917828863360947,1,without_volume,0.5014106653706567
2025-04-30,COST,0.0472955172471543,0.0917828863360947,0,without_volume,0.45930034968223976
2025-04-30,CSCO,0.0919798091198764,0.0917828863360947,1,without_volume,0.49631836491621767
2025-04-30,GOOG,0.0743364719505135,0.0917828863360947,0,without_volume,0.5811399887826816
2025-04-30,GOOGL,0.0814862453936164,0.0917828863360947,0,without_volume,0.5879014248308854
2025-04-30,INTU,0.200806479494108,0.0917828863360947,1,without_volume,0.47358174124623786
2025-04-30,META,0.1793988952886178,0.0917828863360947,1,without_volume,0.6202500723548295
2025-04-30,MSFT,0.1668398736006513,0.0917828863360947,1,without_volume,0.3960134373368613
2025-04-30,NFLX,0.0667214743745314,0.0917828863360947,0,without_volume,0.460675418313765
2025-04-30,NVDA,0.2406353870147419,0.0917828863360947,1,without_volume,0.5317917731453883
2025-04-30,PEP,-0.0304617426747452,0.0917828863360947,0,without_volume,0.47821590757489524
2025-04-30,QCOM,-0.0219586851077657,0.0917828863360947,0,without_volume,0.5238352084110737
2025-04-30,TSLA,0.2278848417863253,0.0917828863360947,1,without_volume,0.5491181622233549
2025-04-30,TXN,0.1424554208417205,0.0917828863360947,1,without_volume,0.47392891733331427
2025-05-31,AAPL,0.0215085289391445,0.0638584828848247,0,without_volume,0.46594603703206694
2025-05-31,ADBE,-0.0679611450624184,0.0638584828848247,0,without_volume,0.4416186654740174
2025-05-31,AMAT,0.1679106738819673,0.0638584828848247,1,without_volume,0.4164161423094388
2025-05-31,AMD,0.28149543569574,0.0638584828848247,1,without_volume,0.501946141137721
2025-05-31,AMGN,-0.0311262854478173,0.0638584828848247,0,without_volume,0.5259644976400708
2025-05-31,AMZN,0.0701429455544566,0.0638584828848247,1,without_volume,0.2949419787922699
2025-05-31,AVGO,0.1414003058186692,0.0638584828848247,1,without_volume,0.5118675980981325
2025-05-31,COST,-0.0482994721044787,0.0638584828848247,0,without_volume,0.4267426948927411
2025-05-31,CSCO,0.1005711983458699,0.0638584828848247,1,without_volume,0.4972590788748194
2025-05-31,GOOG,0.0274992731836682,0.0638584828848247,0,without_volume,0.38399222897311897
2025-05-31,GOOGL,0.0273863412731589,0.0638584828848247,0,without_volume,0.3656289432459671
2025-05-31,INTU,0.0453369160230405,0.0638584828848247,0,without_volume,0.4803046122854312
2025-05-31,META,0.140802054498849,0.0638584828848247,1,without_volume,0.4477001001288865
2025-05-31,MSFT,0.0804805734668925,0.0638584828848247,1,without_volume,0.537499151643746
2025-05-31,NFLX,0.1092583423100148,0.0638584828848247,1,without_volume,0.5326457607055911
2025-05-31,NVDA,0.1692516955417806,0.0638584828848247,1,without_volume,0.3164968767385311
2025-05-31,PEP,0.0155101802790666,0.0638584828848247,0,without_volume,0.5304934332687817
2025-05-31,QCOM,0.1034205891671358,0.0638584828848247,1,without_volume,0.4440534994736876
2025-05-31,TSLA,-0.0831264460638392,0.0638584828848247,0,without_volume,0.5010360363921663
2025-05-31,TXN,0.1354663116087717,0.0638584828848247,1,without_volume,0.33681871936742763
2025-06-30,AAPL,0.0116977010484968,0.0242369186733282,0,without_volume,0.5019399527563907
2025-06-30,ADBE,-0.0754497572192908,0.0242369186733282,0,without_volume,0.4656865771700533
2025-06-30,AMAT,-0.0164418137437969,0.0242369186733282,0,without_volume,0.5422815342565251
2025-06-30,AMD,0.2424947508257919,0.0242369186733282,1,without_volume,0.5302686381277039
2025-06-30,AMGN,0.0569106167026227,0.0242369186733282,1,without_volume,0.46804283821540954
2025-06-30,AMZN,0.067095133149436,0.0242369186733282,1,without_volume,0.3101970163139318
2025-06-30,AVGO,0.0654816803055005,0.0242369186733282,1,without_volume,0.6044155720396296
2025-06-30,COST,-0.050811156751137,0.0242369186733282,0,without_volume,0.41235143613552716
2025-06-30,CSCO,-0.0128365499704157,0.0242369186733282,0,without_volume,0.5242869918153488
2025-06-30,GOOG,0.087208877525819,0.0242369186733282,1,without_volume,0.5193345056147679
2025-06-30,GOOGL,0.088917909913164,0.0242369186733282,1,without_volume,0.5262898831105349
2025-06-30,INTU,-0.0018251833716849,0.0242369186733282,0,without_volume,0.5426196967648267
2025-06-30,META,0.047893857332087,0.0242369186733282,1,without_volume,0.46986326006450424
2025-06-30,MSFT,0.0725558461078348,0.0242369186733282,1,without_volume,0.5928020235910576
2025-06-30,NFLX,-0.1342139500795455,0.0242369186733282,0,without_volume,0.6769872953930215
2025-06-30,NVDA,0.1258306729394935,0.0242369186733282,1,without_volume,0.5830792998423454
2025-06-30,PEP,0.0445318749952694,0.0242369186733282,1,without_volume,0.511173721784367
2025-06-30,QCOM,-0.0784879949926715,0.0242369186733282,0,without_volume,0.40160056833288793
2025-06-30,TSLA,-0.0295599525914049,0.0242369186733282,0,without_volume,0.4869122672067494
2025-06-30,TXN,-0.1216227478027975,0.0242369186733282,0,without_volume,0.4517452544030167
2025-07-31,AAPL,0.1196389194803018,0.009539601296203,1,without_volume,0.4094977725760442
2025-07-31,ADBE,-0.0027677324711841,0.009539601296203,0,without_volume,0.4593347131332853
2025-07-31,AMAT,-0.104627632970725,0.009539601296203,0,without_volume,0.5918043134172838
2025-07-31,AMD,-0.0775905669854877,0.009539601296203,0,without_volume,0.5852277531812753
2025-07-31,AMGN,-0.0171332293102948,0.009539601296203,0,without_volume,0.47472188792450776
2025-07-31,AMZN,-0.0218273486695538,0.009539601296203,0,without_volume,0.43315602384018
2025-07-31,AVGO,0.0125637968511274,0.009539601296203,1,without_volume,0.664589121928748
2025-07-31,COST,0.0053071794582035,0.009539601296203,0,without_volume,0.3985590666489784
2025-07-31,CSCO,0.0148353550797901,0.009539601296203,1,without_volume,0.5984269531555685
2025-07-31,GOOG,0.1071762016293691,0.009539601296203,1,without_volume,0.5487640923671281
2025-07-31,GOOGL,0.1094840646563244,0.009539601296203,1,without_volume,0.5450819855540252
2025-07-31,INTU,-0.1504591937607036,0.009539601296203,0,without_volume,0.4338918842245903
2025-07-31,META,-0.0449162370501456,0.009539601296203,0,without_volume,0.6045205511359035
2025-07-31,MSFT,-0.0486917118745919,0.009539601296203,0,without_volume,0.5040594781063648
2025-07-31,NFLX,0.0421338140759894,0.009539601296203,1,without_volume,0.5464855328243174
2025-07-31,NVDA,-0.0207454732826847,0.009539601296203,0,without_volume,0.604054928712095
2025-07-31,PEP,0.0777986006766586,0.009539601296203,1,without_volume,0.4976833242416451
2025-07-31,QCOM,0.0951894829549846,0.009539601296203,1,without_volume,0.4888272026486003
2025-07-31,TSLA,0.0830441074897507,0.009539601296203,1,without_volume,0.43621203252810015
2025-07-31,TXN,0.1183033216341853,0.009539601296203,1,without_volume,0.48207090519659684
2025-08-31,AAPL,0.0968812192629327,0.0537623217326979,1,without_volume,0.5543417912835693
2025-08-31,ADBE,-0.0110737652701246,0.0537623217326979,0,without_volume,0.6275667123119492
2025-08-31,AMAT,0.2735755093113914,0.0537623217326979,1,without_volume,0.4861887456328976
2025-08-31,AMD,-0.0051651698423361,0.0537623217326979,0,without_volume,0.5789809526196542
2025-08-31,AMGN,-0.0191512289766477,0.0537623217326979,0,without_volume,0.5152456507452728
2025-08-31,AMZN,-0.041179007317822,0.0537623217326979,0,without_volume,0.4570904511877083
2025-08-31,AVGO,0.1112520962130114,0.0537623217326979,1,without_volume,0.5985782758866232
2025-08-31,COST,-0.0187528605992463,0.0537623217326979,0,without_volume,0.4938613199823639
2025-08-31,CSCO,-0.0096973023724492,0.0537623217326979,0,without_volume,0.5004114957878021
2025-08-31,GOOG,0.1416086578417525,0.0537623217326979,1,without_volume,0.49878377910537136
2025-08-31,GOOGL,0.1428183421128872,0.0537623217326979,1,without_volume,0.47741785932175757
2025-08-31,INTU,0.023853112192002,0.0537623217326979,0,without_volume,0.5395255745898827
2025-08-31,META,-0.0051771804501959,0.0537623217326979,0,without_volume,0.47697699206235766
2025-08-31,MSFT,0.0222226828637941,0.0537623217326979,0,without_volume,0.5904927241236161
2025-08-31,NFLX,-0.0077219009376532,0.0537623217326979,0,without_volume,0.44555626724625125
2025-08-31,NVDA,0.0712511196392733,0.0537623217326979,1,without_volume,0.5882597955652956
2025-08-31,PEP,-0.045988077781585,0.0537623217326979,0,without_volume,0.5334012082657237
2025-08-31,QCOM,0.0409178097913875,0.0537623217326979,0,without_volume,0.4943924254618158
2025-08-31,TSLA,0.3320154782540658,0.0537623217326979,1,without_volume,0.3836487825966739
2025-08-31,TXN,-0.0926016830726043,0.0537623217326979,0,without_volume,0.5064743701026576
2025-09-30,AAPL,0.061815207668346,0.0478038018648532,1,without_volume,0.5425672956746727
2025-09-30,ADBE,-0.0352657758792525,0.0478038018648532,0,without_volume,0.5567729200143218
2025-09-30,AMAT,0.1385171454787337,0.0478038018648532,1,without_volume,0.47173621049101133
2025-09-30,AMD,0.5830397783886911,0.0478038018648532,1,without_volume,0.5251197296541679
2025-09-30,AMGN,0.0575123992858435,0.0478038018648532,1,without_volume,0.5045405210349186
2025-09-30,AMZN,0.1122648498166054,0.0478038018648532,1,without_volume,0.5450066219755838
2025-09-30,AVGO,0.1203965118934498,0.0478038018648532,1,without_volume,0.48341418669824177
2025-09-30,COST,-0.0139262112834579,0.0478038018648532,0,without_volume,0.4978541167496223
2025-09-30,CSCO,0.0749992601883446,0.0478038018648532,1,without_volume,0.5051937608469311
2025-09-30,GOOG,0.1571341494419047,0.0478038018648532,1,without_volume,0.527544497329099
2025-09-30,GOOGL,0.1566844484934648,0.0478038018648532,1,without_volume,0.5417131470887009
2025-09-30,INTU,-0.0207055033133902,0.0478038018648532,0,without_volume,0.5216677225690999
2025-09-30,META,-0.1171464333124543,0.0478038018648532,0,without_volume,0.4882081967982242
2025-09-30,MSFT,-0.0002703764529621,0.0478038018648532,0,without_volume,0.5893123049158365
2025-09-30,NFLX,-0.0667767392171451,0.0478038018648532,0,without_volume,0.5109007437931332
2025-09-30,NVDA,0.0852717678839181,0.0478038018648532,1,without_volume,0.5653853372447515
2025-09-30,PEP,0.0402306185589036,0.0478038018648532,0,without_volume,0.4602462331671336
2025-09-30,QCOM,0.0874007511256687,0.0478038018648532,1,without_volume,0.45845297430624005
2025-09-30,TSLA,0.026623485126352,0.0478038018648532,0,without_volume,0.6198954221939407
2025-09-30,TXN,-0.1133666144757457,0.0478038018648532,0,without_volume,0.43744494466671235
2025-10-31,AAPL,0.0323641735556694,-0.0156103125344173,1,without_volume,0.5228241052175847
2025-10-31,ADBE,-0.0592988534587692,-0.0156103125344173,0,without_volume,0.5113465657245008
2025-10-31,AMAT,0.0842748311044161,-0.0156103125344173,1,without_volume,0.4824026169070183
2025-10-31,AMD,-0.1506715487802262,-0.0156103125344173,0,without_volume,0.5287799971436418
2025-10-31,AMGN,0.1658477012755297,-0.0156103125344173,1,without_volume,0.5162428277819848
2025-10-31,AMZN,-0.0450413559291534,-0.0156103125344173,0,without_volume,0.4747667779975471
2025-10-31,AVGO,0.0901711705481083,-0.0156103125344173,1,without_volume,0.478866553860387
2025-10-31,COST,0.0023479613753503,-0.0156103125344173,1,without_volume,0.4872461398203644
2025-10-31,CSCO,0.0523869596128732,-0.0156103125344173,1,without_volume,0.45004354975108735
2025-10-31,GOOG,0.1359020785724563,-0.0156103125344173,1,without_volume,0.6171043362912084
2025-10-31,GOOGL,0.1386606475547467,-0.0156103125344173,1,without_volume,0.6263628048422616
2025-10-31,INTU,-0.0501385181648083,-0.0156103125344173,0,without_volume,0.5042696772032779
2025-10-31,META,-0.0006168941794297,-0.0156103125344173,1,without_volume,0.5442216280195242
2025-10-31,MSFT,-0.0480467906235131,-0.0156103125344173,0,without_volume,0.533974646389058
2025-10-31,NFLX,-0.0384855986878255,-0.0156103125344173,0,without_volume,0.3729450414329078
2025-10-31,NVDA,-0.1258827775133191,-0.0156103125344173,0,without_volume,0.4984021177909063
2025-10-31,PEP,0.0181395642422692,-0.0156103125344173,1,without_volume,0.5355598800943352
2025-10-31,QCOM,-0.070812533929409,-0.0156103125344173,0,without_volume,0.6662753642321436
2025-10-31,TSLA,-0.0578017878744897,-0.0156103125344173,0,without_volume,0.6117646437069577
2025-10-31,TXN,0.0421775930556937,-0.0156103125344173,1,without_volume,0.45587154969253474
2025-11-30,AAPL,-0.0250672886268734,-0.006699365349315,0,without_volume,0.4372375890003182
2025-11-30,ADBE,0.0932745600103717,-0.006699365349315,1,without_volume,0.5695046359199903
2025-11-30,AMAT,0.018790852645824,-0.006699365349315,1,without_volume,0.5937892785800728
2025-11-30,AMD,-0.0154920936702926,-0.006699365349315,0,without_volume,0.4509519953465415
2025-11-30,AMGN,-0.0525386731309793,-0.006699365349315,0,without_volume,0.4671460452538026
2025-11-30,AMZN,-0.0102906864073514,-0.006699365349315,0,without_volume,0.446554018061996
2025-11-30,AVGO,-0.1394624026139842,-0.006699365349315,0,without_volume,0.5073677689892551
2025-11-30,COST,-0.0560973403777791,-0.006699365349315,0,without_volume,0.5142334372002176
2025-11-30,CSCO,0.0011697467886038,-0.006699365349315,1,without_volume,0.4490333960139727
2025-11-30,GOOG,-0.0191029452093197,-0.006699365349315,0,without_volume,0.6090421797155524
2025-11-30,GOOGL,-0.0217854356294473,-0.006699365349315,0,without_volume,0.6119675058969365
2025-11-30,INTU,0.0446946312673244,-0.006699365349315,1,without_volume,0.40846496804598137
2025-11-30,META,0.0195668422097461,-0.006699365349315,1,without_volume,0.5624603310724896
2025-11-30,MSFT,-0.017052520929609,-0.006699365349315,0,without_volume,0.3806574928684985
2025-11-30,NFLX,-0.1284625344822668,-0.006699365349315,0,without_volume,0.47498543726730363
2025-11-30,NVDA,0.0537309315347924,-0.006699365349315,1,without_volume,0.6184620390265224
2025-11-30,PEP,-0.0256571712707275,-0.006699365349315,0,without_volume,0.5087357356030653
2025-11-30,QCOM,0.0228093174974415,-0.006699365349315,1,without_volume,0.44769982700288646
2025-11-30,TSLA,0.0454471190057812,-0.006699365349315,1,without_volume,0.5213375987510955
2025-11-30,TXN,0.0310215514564426,-0.006699365349315,1,without_volume,0.5159246187357253
2025-12-31,AAPL,-0.0455380852534945,0.0123065646397895,0,without_volume,0.6176540053902969
2025-12-31,ADBE,-0.1621188943043153,0.0123065646397895,0,without_volume,0.4806384140179719
2025-12-31,AMAT,0.2542123227822093,0.0123065646397895,1,without_volume,0.6157447228131944
2025-12-31,AMD,0.1053884557316289,0.0123065646397895,1,without_volume,0.4967820389293402
2025-12-31,AMGN,0.0445145017961234,0.0123065646397895,1,without_volume,0.5086330608963425
2025-12-31,AMZN,0.0367385645024598,0.0123065646397895,1,without_volume,0.49075502368532986
2025-12-31,AVGO,-0.0427621654672941,0.0123065646397895,0,without_volume,0.5527249689281678
2025-12-31,COST,0.0918366644400849,0.0123065646397895,1,without_volume,0.5123475434406114
2025-12-31,CSCO,0.0221872633809263,0.0123065646397895,1,without_volume,0.4144958379849823
2025-12-31,GOOG,0.0788082474752849,0.0123065646397895,1,without_volume,0.5855134196408683
2025-12-31,GOOGL,0.0798721982346861,0.0123065646397895,1,without_volume,0.5948212175247086
2025-12-31,INTU,-0.2454350457313868,0.0123065646397895,0,without_volume,0.4298387405775974
2025-12-31,META,0.0854580689253095,0.0123065646397895,1,without_volume,0.5075612572179948
2025-12-31,MSFT,-0.1102725416573149,0.0123065646397895,0,without_volume,0.44027326851577764
2025-12-31,NFLX,-0.1095350260075607,0.0123065646397895,0,without_volume,0.5675655135473747
2025-12-31,NVDA,0.0248258171525319,0.0123065646397895,1,without_volume,0.4390780219018073
2025-12-31,PEP,0.0704431840082866,0.0123065646397895,1,without_volume,0.4904556960802992
2025-12-31,QCOM,-0.1137679419887411,0.0123065646397895,0,without_volume,0.4482712126987091
2025-12-31,TSLA,-0.0429378224365815,0.0123065646397895,0,without_volume,0.43077947409335093
2025-12-31,TXN,0.250544398871003,0.0123065646397895,1,without_volume,0.5246230434195825
2026-01-31,AAPL,0.0190657972612526,-0.023445512550915,1,without_volume,0.5034516068182868
2026-01-31,ADBE,-0.1051662279211956,-0.023445512550915,0,without_volume,0.6468407528671609
2026-01-31,AMAT,0.156503769293407,-0.023445512550915,1,without_volume,0.5899156475254697
2026-01-31,AMD,-0.1542685323903946,-0.023445512550915,0,without_volume,0.4012853542270084
2026-01-31,AMGN,0.1432362323324021,-0.023445512550915,1,without_volume,0.5470602164265408
2026-01-31,AMZN,-0.1224404625077274,-0.023445512550915,0,without_volume,0.5460004175557769
2026-01-31,AVGO,-0.0354663539257567,-0.023445512550915,0,without_volume,0.4996391036553358
2026-01-31,COST,0.0750226146390742,-0.023445512550915,1,without_volume,0.4475181504464372
2026-01-31,CSCO,0.0145556817275827,-0.023445512550915,1,without_volume,0.5012945232673683
2026-01-31,GOOG,-0.0800520829807351,-0.023445512550915,0,without_volume,0.5412189851452154
2026-01-31,GOOGL,-0.0776330856383754,-0.023445512550915,0,without_volume,0.5463648235661726
2026-01-31,INTU,-0.1801692270364647,-0.023445512550915,0,without_volume,0.5892736229247977
2026-01-31,META,-0.0953524306949691,-0.023445512550915,0,without_volume,0.45257976220210094
2026-01-31,MSFT,-0.0851834667392735,-0.023445512550915,0,without_volume,0.4927053405985253
2026-01-31,NFLX,0.1527129036558863,-0.023445512550915,1,without_volume,0.5024589573144802
2026-01-31,NVDA,-0.072934655525534,-0.023445512550915,0,without_volume,0.49897242182713164
2026-01-31,PEP,0.1048623309826402,-0.023445512550915,1,without_volume,0.46309040622721453
2026-01-31,QCOM,-0.0608879602232864,-0.023445512550915,0,without_volume,0.49888853801645583
2026-01-31,TSLA,-0.0648218992567539,-0.023445512550915,0,without_volume,0.49456857483137534
2026-01-31,TXN,-0.0159591646198673,-0.023445512550915,1,without_volume,0.6144442320253662
2026-02-28,AAPL,-0.0393292873989353,-0.04838249516441,1,without_volume,0.46934790223108297
2026-02-28,ADBE,-0.0736633571940529,-0.04838249516441,0,without_volume,0.6483171008209749
2026-02-28,AMAT,-0.0819500115680905,-0.04838249516441,0,without_volume,0.5093132529199842
2026-02-28,AMD,0.016083042075494,-0.04838249516441,1,without_volume,0.5687431849657018
2026-02-28,AMGN,-0.0935438483422475,-0.04838249516441,0,without_volume,0.576556467754917
2026-02-28,AMZN,-0.0082380748930432,-0.04838249516441,1,without_volume,0.6395464514949839
2026-02-28,AVGO,-0.0293873502480307,-0.04838249516441,1,without_volume,0.511604833584915
2026-02-28,COST,-0.0142067492187719,-0.04838249516441,1,without_volume,0.49067126009976825
2026-02-28,CSCO,-0.0235338473652071,-0.04838249516441,1,without_volume,0.49872925881064184
2026-02-28,GOOG,-0.0782452642465085,-0.04838249516441,0,without_volume,0.6078863406886661
2026-02-28,GOOGL,-0.0769745802781913,-0.04838249516441,0,without_volume,0.598198391993643
2026-02-28,INTU,0.0570863065314828,-0.04838249516441,1,without_volume,0.6352014378848299
2026-02-28,META,-0.1165727797272506,-0.04838249516441,0,without_volume,0.5080601181710306
2026-02-28,MSFT,-0.0574680152016615,-0.04838249516441,0,without_volume,0.6056148768569743
2026-02-28,NFLX,-0.0009351240636767,-0.04838249516441,1,without_volume,0.48298894610336174
2026-02-28,NVDA,-0.0156925510196515,-0.04838249516441,1,without_volume,0.47745913390032124
2026-02-28,PEP,-0.0769567063191792,-0.04838249516441,0,without_volume,0.5587530612423798
2026-02-28,QCOM,-0.0895839606291548,-0.04838249516441,0,without_volume,0.5892346663007411
2026-02-28,TSLA,-0.0764204840111579,-0.04838249516441,0,without_volume,0.524518249890982
2026-02-28,TXN,-0.0847201709083944,-0.04838249516441,0,without_volume,0.5042707578819045
2026-03-31,AAPL,0.0691911950066288,0.1569007687376087,0,without_volume,0.423312485882742
2026-03-31,ADBE,0.0124239108512096,0.1569007687376087,0,without_volume,0.6641669751349859
2026-03-31,AMAT,0.1541881994148153,0.1569007687376087,0,without_volume,0.4454921681344094
2026-03-31,AMD,0.7425650248110034,0.1569007687376087,1,without_volume,0.47496299115742174
2026-03-31,AMGN,-0.0159159172280719,0.1569007687376087,0,without_volume,0.5459399344485897
2026-03-31,AMZN,0.2726748553374951,0.1569007687376087,1,without_volume,0.5575845802580726
2026-03-31,AVGO,0.3486801004700972,0.1569007687376087,1,without_volume,0.4310659378841525
2026-03-31,COST,0.0181649277438011,0.1569007687376087,0,without_volume,0.4608141163439652
2026-03-31,CSCO,0.1856658589490689,0.1569007687376087,1,without_volume,0.5234633524425899
2026-03-31,GOOG,0.3314509609892264,0.1569007687376087,1,without_volume,0.6422341861619836
2026-03-31,GOOGL,0.3381554975124616,0.1569007687376087,1,without_volume,0.6418512894055668
2026-03-31,INTU,-0.098708126210196,0.1569007687376087,0,without_volume,0.6071595364834266
2026-03-31,META,0.0695296514782868,0.1569007687376087,0,without_volume,0.5166848251615271
2026-03-31,MSFT,0.1016019642556758,0.1569007687376087,0,without_volume,0.5705022914222698
2026-03-31,NFLX,-0.0264170657848996,0.1569007687376087,0,without_volume,0.4688286840567677
2026-03-31,NVDA,0.1443234085538123,0.1569007687376087,0,without_volume,0.433979116519709
2026-03-31,PEP,0.020606633260273,0.1569007687376087,0,without_volume,0.47840461780729926
2026-03-31,QCOM,0.3944712296321808,0.1569007687376087,1,without_volume,0.5522182538736162
2026-03-31,TSLA,0.0265770138071621,0.1569007687376087,0,without_volume,0.5492095250426581
2026-03-31,TXN,0.4478210837502554,0.1569007687376087,1,without_volume,0.6048833552104912
2026-04-30,AAPL,0.1510870878118577,0.1056848850894773,1,without_volume,0.4717951528209127
2026-04-30,ADBE,0.0532709671939144,0.1056848850894773,0,without_volume,0.5714967728767476
2026-04-30,AMAT,0.1422837269040517,0.1056848850894773,1,without_volume,0.44398466797398983
2026-04-30,AMD,0.4558943547170746,0.1056848850894773,1,without_volume,0.5216016717700601
2026-04-30,AMGN,-0.0199761404166848,0.1056848850894773,0,without_volume,0.4768573867471868
2026-04-30,AMZN,0.0210519019891346,0.1056848850894773,0,without_volume,0.5142200872068691
2026-04-30,AVGO,0.0702872400219907,0.1056848850894773,0,without_volume,0.623703833890367
2026-04-30,COST,-0.0560085759854093,0.1056848850894773,0,without_volume,0.5116928550417709
2026-04-30,CSCO,0.3160655117551401,0.1056848850894773,1,without_volume,0.5516198096179421
2026-04-30,GOOG,-0.0144263433249531,0.1056848850894773,0,without_volume,0.5178160047454035
2026-04-30,GOOGL,-0.0115904338806527,0.1056848850894773,0,without_volume,0.5020604637797302
2026-04-30,INTU,-0.1466409188727515,0.1056848850894773,0,without_volume,0.609720335892937
2026-04-30,META,0.0336650942218894,0.1056848850894773,0,without_volume,0.44169265108475364
2026-04-30,MSFT,0.1065161348048717,0.1056848850894773,1,without_volume,0.46848117356107094
2026-04-30,NFLX,-0.0810811229334169,0.1056848850894773,0,without_volume,0.45231491598304463
2026-04-30,NVDA,0.0579746588165734,0.1056848850894773,0,without_volume,0.4134864006458704
2026-04-30,PEP,-0.0902264673073079,0.1056848850894773,0,without_volume,0.509446679524558
2026-04-30,QCOM,0.3978171097936005,0.1056848850894773,1,without_volume,0.43895205981849417
2026-04-30,TSLA,0.141917571912985,0.1056848850894773,1,without_volume,0.4726747503407638
2026-04-30,TXN,0.0930453268254547,0.1056848850894773,0,without_volume,0.5978602713528901
2026-05-31,AAPL,-0.0727424610159107,-0.001490831230688,0,without_volume,0.5144056500280015
2026-05-31,ADBE,-0.2090582499479326,-0.001490831230688,0,without_volume,0.5801203839867534
2026-05-31,AMAT,0.6064524817180001,-0.001490831230688,1,without_volume,0.42368026592194513
2026-05-31,AMD,0.1255764398845664,-0.001490831230688,1,without_volume,0.5449575687970957
2026-05-31,AMGN,0.0752100297799869,-0.001490831230688,1,without_volume,0.4597301644541716
2026-05-31,AMZN,-0.1193467948651447,-0.001490831230688,0,without_volume,0.5536687057672665
2026-05-31,AVGO,-0.1531484762625794,-0.001490831230688,0,without_volume,0.5290016553446446
2026-05-31,COST,-0.0218023637081818,-0.001490831230688,0,without_volume,0.42306218943085117
2026-05-31,CSCO,-0.0245806259437284,-0.001490831230688,0,without_volume,0.648111528636381
2026-05-31,GOOG,-0.0608011120557968,-0.001490831230688,0,without_volume,0.53729763371892
2026-05-31,GOOGL,-0.0598320859768355,-0.001490831230688,0,without_volume,0.5349420838765805
2026-05-31,INTU,-0.2127409641478356,-0.001490831230688,0,without_volume,0.6493796276360455
2026-05-31,META,-0.1086116431936491,-0.001490831230688,0,without_volume,0.4633681204773835
2026-05-31,MSFT,-0.1715085352158653,-0.001490831230688,0,without_volume,0.497713270652781
2026-05-31,NFLX,-0.1699604241773233,-0.001490831230688,0,without_volume,0.47642106832637077
2026-05-31,NVDA,-0.0512304934107208,-0.001490831230688,0,without_volume,0.5140204622339933
2026-05-31,PEP,-0.0510816146417201,-0.001490831230688,0,without_volume,0.4231556379011253
2026-05-31,QCOM,-0.2611245912981512,-0.001490831230688,0,without_volume,0.5327378960591497
2026-05-31,TSLA,-0.0348562430151274,-0.001490831230688,0,without_volume,0.4684825700555478
2026-05-31,TXN,-0.0248952680381473,-0.001490831230688,0,without_volume,0.600967492638722
2026-06-30,AAPL,0.1286633013237643,-0.0547800455161126,1,without_volume,0.40402889298099337
2026-06-30,ADBE,0.1449614701071162,-0.0547800455161126,1,without_volume,0.6598405980991315
2026-06-30,AMAT,-0.2728907161728475,-0.0547800455161126,0,without_volume,0.5870170770321487
2026-06-30,AMD,-0.1331358892009763,-0.0547800455161126,0,without_volume,0.38439476086014107
2026-06-30,AMGN,0.0056611574566145,-0.0547800455161126,1,without_volume,0.4302805440866097
2026-06-30,AMZN,0.0488797907790408,-0.0547800455161126,1,without_volume,0.5253914657297767
2026-06-30,AVGO,0.0010853836190849,-0.0547800455161126,1,without_volume,0.491155478894557
2026-06-30,COST,0.0003527821310989,-0.0547800455161126,1,without_volume,0.443976024349342
2026-06-30,CSCO,-0.0540258699492648,-0.0547800455161126,1,without_volume,0.577699992664282
2026-06-30,GOOG,-0.0055471981704481,-0.0547800455161126,1,without_volume,0.4268738453055724
2026-06-30,GOOGL,-0.0150544392543316,-0.0547800455161126,1,without_volume,0.43565291235670467
2026-06-30,INTU,0.1307339164013421,-0.0547800455161126,1,without_volume,0.6907123218577785
2026-06-30,META,0.1465674888229344,-0.0547800455161126,1,without_volume,0.49670852185126296
2026-06-30,MSFT,0.0784676971565112,-0.0547800455161126,1,without_volume,0.6017080081433419
2026-06-30,NFLX,-0.0532213301197269,-0.0547800455161126,1,without_volume,0.66351926262964
2026-06-30,NVDA,0.0159428382217534,-0.0547800455161126,1,without_volume,0.3577938822669501
2026-06-30,PEP,0.0004432261454065,-0.0547800455161126,1,without_volume,0.44497000371838463
2026-06-30,QCOM,-0.0783050299672256,-0.0547800455161126,0,without_volume,0.5270196968766359
2026-06-30,TSLA,-0.1213266715139742,-0.0547800455161126,0,without_volume,0.36154568552922584
2026-06-30,TXN,-0.0469688316703794,-0.0547800455161126,1,without_volume,0.4684233831567325
2024-07-31,AAPL,0.032353605269078,0.0110387541930649,1,without_risk,0.6143166112502533
2024-07-31,ADBE,0.0412579492852254,0.0110387541930649,1,without_risk,0.5795164798929844
2024-07-31,AMAT,-0.0686237039668253,0.0110387541930649,0,without_risk,0.6495008976484944
2024-07-31,AMD,0.0282392161662903,0.0110387541930649,1,without_risk,0.45287046558057575
2024-07-31,AMGN,0.0110819375300605,0.0110387541930649,1,without_risk,0.5336383652089776
2024-07-31,AMZN,-0.045352422298136,0.0110387541930649,0,without_risk,0.5170381376443022
2024-07-31,AVGO,0.0133185783428655,0.0110387541930649,1,without_risk,0.4617593124336324
2024-07-31,COST,0.085620331358543,0.0110387541930649,1,without_risk,0.48992220785210766
2024-07-31,CSCO,0.0431371435148633,0.0110387541930649,1,without_risk,0.5303735776591433
2024-07-31,GOOG,-0.0464335721714519,0.0110387541930649,0,without_risk,0.5112985698860343
2024-07-31,GOOGL,-0.0475689188191061,0.0110387541930649,0,without_risk,0.5825356208166389
2024-07-31,INTU,-0.0264000316281816,0.0110387541930649,0,without_risk,0.48015996826705776
2024-07-31,META,0.0978876100904015,0.0110387541930649,1,without_risk,0.6727136142125625
2024-07-31,MSFT,-0.0010950338042321,0.0110387541930649,0,without_risk,0.40176727957722635
2024-07-31,NFLX,0.1161773399876078,0.0110387541930649,1,without_risk,0.45476078163609834
2024-07-31,NVDA,0.0200822122400174,0.0110387541930649,1,without_risk,0.4608868112503611
2024-07-31,PEP,0.0012160859646712,0.0110387541930649,0,without_risk,0.4590343606856218
2024-07-31,QCOM,-0.0312242667899543,0.0110387541930649,0,without_risk,0.6513307943883522
2024-07-31,TSLA,-0.0773904690267696,0.0110387541930649,0,without_risk,0.6164098835579822
2024-07-31,TXN,0.0516657354901359,0.0110387541930649,1,without_risk,0.3732960855275932
2024-08-31,AAPL,0.0174671457188737,0.0262160295313964,0,without_risk,0.5981330832017252
2024-08-31,ADBE,-0.0985880233548925,0.0262160295313964,0,without_risk,0.4790212538792784
2024-08-31,AMAT,0.0242825726644042,0.0262160295313964,0,without_risk,0.45121693999879414
2024-08-31,AMD,0.1044696050586542,0.0262160295313964,1,without_risk,0.48261054392448427
2024-08-31,AMGN,-0.0348080606616325,0.0262160295313964,0,without_risk,0.6587744908445974
2024-08-31,AMZN,0.0438655564764969,0.0262160295313964,1,without_risk,0.4156738834247018
2024-08-31,AVGO,0.0629367290972977,0.0262160295313964,1,without_risk,0.6851316757131641
2024-08-31,COST,-0.0065667126070291,0.0262160295313964,0,without_risk,0.6792285589936716
2024-08-31,CSCO,0.0530273719178453,0.0262160295313964,1,without_risk,0.570232071902601
2024-08-31,GOOG,0.0139305272805616,0.0262160295313964,0,without_risk,0.5127318332186778
2024-08-31,GOOGL,0.0164651610338451,0.0262160295313964,0,without_risk,0.48803317229003396
2024-08-31,INTU,-0.0146923374199152,0.0262160295313964,0,without_risk,0.4923021612930349
2024-08-31,META,0.0991273179879281,0.0262160295313964,1,without_risk,0.6091170593421386
2024-08-31,MSFT,0.0315480912959345,0.0262160295313964,1,without_risk,0.4578980510489036
2024-08-31,NFLX,0.0112925043526219,0.0262160295313964,0,without_risk,0.4823815809407386
2024-08-31,NVDA,0.0174280680549436,0.0262160295313964,0,without_risk,0.4910302189063698
2024-08-31,PEP,-0.0088794262922503,0.0262160295313964,0,without_risk,0.47940922530066454
2024-08-31,QCOM,-0.0249354027347803,0.0262160295313964,0,without_risk,0.6125015373933412
2024-08-31,TSLA,0.2219420117556314,0.0262160295313964,1,without_risk,0.4804737384627288
2024-08-31,TXN,-0.036250617293745,0.0262160295313964,0,without_risk,0.5119638613196167
2024-09-30,AAPL,-0.0304291846966061,-0.0086463559104306,0,without_risk,0.5606648425385814
2024-09-30,ADBE,-0.0766735688483785,-0.0086463559104306,0,without_risk,0.4534584453500722
2024-09-30,AMAT,-0.1013114774453455,-0.0086463559104306,0,without_risk,0.5887900457030923
2024-09-30,AMD,-0.121952671157569,-0.0086463559104306,0,without_risk,0.48827914097896336
2024-09-30,AMGN,-0.0063621979331132,-0.0086463559104306,1,without_risk,0.5839767184422737
2024-09-30,AMZN,0.0003756349741959,-0.0086463559104306,1,without_risk,0.39676386899770744
2024-09-30,AVGO,-0.015826247047905,-0.0086463559104306,0,without_risk,0.5164155450326282
2024-09-30,COST,-0.0139195630400947,-0.0086463559104306,0,without_risk,0.5396588799486245
2024-09-30,CSCO,0.036989338483875,-0.0086463559104306,1,without_risk,0.5504874654571754
2024-09-30,GOOG,0.0328967713356791,-0.0086463559104306,1,without_risk,0.5437035976385843
2024-09-30,GOOGL,0.0317151610345349,-0.0086463559104306,1,without_risk,0.6270676481907553
2024-09-30,INTU,-0.0155832292427423,-0.0086463559104306,0,without_risk,0.6031026601602013
2024-09-30,META,-0.0084898937878576,-0.0086463559104306,1,without_risk,0.6615577664925086
2024-09-30,MSFT,-0.0556588813617846,-0.0086463559104306,0,without_risk,0.4285295014931223
2024-09-30,NFLX,0.0659268648650508,-0.0086463559104306,1,without_risk,0.48373540274418125
2024-09-30,NVDA,0.093214607697996,-0.0086463559104306,1,without_risk,0.5705430971454277
2024-09-30,PEP,-0.0233462090440089,-0.0086463559104306,0,without_risk,0.5204070838979811
2024-09-30,QCOM,-0.0428109621341493,-0.0086463559104306,0,without_risk,0.5172540263621047
2024-09-30,TSLA,-0.0450254120683647,-0.0086463559104306,0,without_risk,0.5140703771174758
2024-09-30,TXN,-0.0100329261207495,-0.0086463559104306,0,without_risk,0.6266781706427198
2024-10-31,AAPL,0.0517069693875071,0.0535082171626466,0,without_risk,0.568479306421597
2024-10-31,ADBE,0.0791708650573146,0.0535082171626466,1,without_risk,0.58032648879581
2024-10-31,AMAT,-0.0355718516640958,0.0535082171626466,0,without_risk,0.4115209677615825
2024-10-31,AMD,-0.0478240737014196,0.0535082171626466,0,without_risk,0.597001207701911
2024-10-31,AMGN,-0.1094076991024316,0.0535082171626466,0,without_risk,0.5415313805016757
2024-10-31,AMZN,0.1152897328156477,0.0535082171626466,1,without_risk,0.4738353283263001
2024-10-31,AVGO,-0.0452964254728345,0.0535082171626466,0,without_risk,0.49993448103024624
2024-10-31,COST,0.1132390045546267,0.0535082171626466,1,without_risk,0.4137464241314479
2024-10-31,CSCO,0.0810663387539496,0.0535082171626466,1,without_risk,0.61138162054428
2024-10-31,GOOG,-0.012739669642318,0.0535082171626466,0,without_risk,0.48032073544007964
2024-10-31,GOOGL,-0.0126233697468999,0.0535082171626466,0,without_risk,0.5096366204454488
2024-10-31,INTU,0.0514992353002206,0.0535082171626466,0,without_risk,0.5984368655437053
2024-10-31,META,0.0118749280096819,0.0535082171626466,0,without_risk,0.4549006079082123
2024-10-31,MSFT,0.0441925051795559,0.0535082171626466,0,without_risk,0.44781727794134535
2024-10-31,NFLX,0.1729825996151546,0.0535082171626466,1,without_risk,0.4269339886377107
2024-10-31,NVDA,0.0413528974667274,0.0535082171626466,0,without_risk,0.5453848714176545
2024-10-31,PEP,-0.0158357170842929,0.0535082171626466,0,without_risk,0.4287612952759764
2024-10-31,QCOM,-0.0260489378629769,0.0535082171626466,0,without_risk,0.4617551652407576
2024-10-31,TSLA,0.3814688622385136,0.0535082171626466,1,without_risk,0.4844195145414336
2024-10-31,TXN,-0.0104842508736225,0.0535082171626466,0,without_risk,0.3955089193080498
2024-11-30,AAPL,0.0551551975335746,0.0045404969264244,1,without_risk,0.5360918191410752
2024-11-30,ADBE,-0.1381001318230681,0.0045404969264244,0,without_risk,0.5859253771765346
2024-11-30,AMAT,-0.069143213498102,0.0045404969264244,0,without_risk,0.5458377982529975
2024-11-30,AMD,-0.1194780043398231,0.0045404969264244,0,without_risk,0.5386230109022775
2024-11-30,AMGN,-0.0785870401414239,0.0045404969264244,0,without_risk,0.4096463247213751
2024-11-30,AMZN,0.0553177162622697,0.0045404969264244,1,without_risk,0.5800522790135821
2024-11-30,AVGO,0.4342371835268781,0.0045404969264244,1,without_risk,0.5696976269256463
2024-11-30,COST,-0.0572188433973216,0.0045404969264244,0,without_risk,0.507113565430749
2024-11-30,CSCO,-0.0001689028922357,0.0045404969264244,0,without_risk,0.5051686781744174
2024-11-30,GOOG,0.1182830573454472,0.0045404969264244,1,without_risk,0.5632015945617266
2024-11-30,GOOGL,0.1217340405274778,0.0045404969264244,1,without_risk,0.48944898340591103
2024-11-30,INTU,-0.0206161098739873,0.0045404969264244,0,without_risk,0.40979000480326777
2024-11-30,META,0.0203063736401394,0.0045404969264244,1,without_risk,0.697598830105965
2024-11-30,MSFT,-0.0046285135158982,0.0045404969264244,0,without_risk,0.35624422993778615
2024-11-30,NFLX,0.0050856894888637,0.0045404969264244,1,without_risk,0.5035092716646716
2024-11-30,NVDA,-0.0285769178431161,0.0045404969264244,0,without_risk,0.7386693706417504
2024-11-30,PEP,-0.0617636224787745,0.0045404969264244,0,without_risk,0.5378251120419005
2024-11-30,QCOM,-0.0259032746563492,0.0045404969264244,0,without_risk,0.4785876839955634
2024-11-30,TSLA,0.1700080891563131,0.0045404969264244,1,without_risk,0.6132061801624105
2024-11-30,TXN,-0.0672536799653069,0.0045404969264244,0,without_risk,0.4384011654552849
2024-12-31,AAPL,-0.0575832864423716,0.0216339201740081,0,without_risk,0.5314592208921867
2024-12-31,ADBE,-0.0162588391378818,0.0216339201740081,0,without_risk,0.5354614968733692
2024-12-31,AMAT,0.108959053536314,0.0216339201740081,1,without_risk,0.5113518861290083
2024-12-31,AMD,-0.0400695747214202,0.0216339201740081,0,without_risk,0.5498488851552078
2024-12-31,AMGN,0.0950734275898357,0.0216339201740081,1,without_risk,0.5142710059468056
2024-12-31,AMZN,0.083367488659539,0.0216339201740081,1,without_risk,0.5226670652914368
2024-12-31,AVGO,-0.0455917646978838,0.0216339201740081,0,without_risk,0.6030322952007077
2024-12-31,COST,0.0694227926245696,0.0216339201740081,1,without_risk,0.41223236506116234
2024-12-31,CSCO,0.0306240014335366,0.0216339201740081,1,without_risk,0.6307196125216868
2024-12-31,GOOG,0.0796050886702883,0.0216339201740081,1,without_risk,0.39829891492034564
2024-12-31,GOOGL,0.0777601399116461,0.0216339201740081,1,without_risk,0.4155744412763277
2024-12-31,INTU,-0.0413510438949052,0.0216339201740081,0,without_risk,0.49541296194833234
2024-12-31,META,0.1770591800762093,0.0216339201740081,1,without_risk,0.5894683432436332
2024-12-31,MSFT,-0.015278774333898,0.0216339201740081,0,without_risk,0.5285887035279607
2024-12-31,NFLX,0.0958578103881719,0.0216339201740081,1,without_risk,0.4519624039604747
2024-12-31,NVDA,-0.1058901733604136,0.0216339201740081,0,without_risk,0.597485392007759
2024-12-31,PEP,-0.0090094029665265,0.0216339201740081,0,without_risk,0.5283772776949314
2024-12-31,QCOM,0.1257000005641959,0.0216339201740081,1,without_risk,0.5151477697674455
2024-12-31,TSLA,0.0018819576379678,0.0216339201740081,0,without_risk,0.6113301064375598
2024-12-31,TXN,-0.0081852837773849,0.0216339201740081,0,without_risk,0.4880620985117075
2025-01-31,AAPL,0.025872532730673,-0.0270347304314839,1,without_risk,0.38243295500315744
2025-01-31,ADBE,0.0025373992926924,-0.0270347304314839,1,without_risk,0.5958869414973725
2025-01-31,AMAT,-0.1215186459774313,-0.0270347304314839,0,without_risk,0.3351363466302075
2025-01-31,AMD,-0.1387666818574638,-0.0270347304314839,0,without_risk,0.6007874737635329
2025-01-31,AMGN,0.088041664608548,-0.0270347304314839,1,without_risk,0.4821915525330893
2025-01-31,AMZN,-0.1068663525715117,-0.0270347304314839,0,without_risk,0.6430770803351901
2025-01-31,AVGO,-0.0987030662758818,-0.0270347304314839,0,without_risk,0.5555188359617886
2025-01-31,COST,0.0713234700383356,-0.0270347304314839,1,without_risk,0.5303957307809167
2025-01-31,CSCO,0.057920856698409,-0.0270347304314839,1,without_risk,0.663451670254331
2025-01-31,GOOG,-0.1623541881738535,-0.0270347304314839,0,without_risk,0.588294674561124
2025-01-31,GOOGL,-0.1653760794155103,-0.0270347304314839,0,without_risk,0.6072287021987856
2025-01-31,INTU,0.0204985488677544,-0.0270347304314839,1,without_risk,0.4637853951755645
2025-01-31,META,-0.0304420047440421,-0.0270347304314839,0,without_risk,0.5037563757582225
2025-01-31,MSFT,-0.0416180538185706,-0.0270347304314839,0,without_risk,0.46963175580499306
2025-01-31,NFLX,0.0038903849838498,-0.0270347304314839,1,without_risk,0.5142595050496642
2025-01-31,NVDA,0.0403930930624214,-0.0270347304314839,1,without_risk,0.4344264893184114
2025-01-31,PEP,0.0184483478148462,-0.0270347304314839,1,without_risk,0.5729274646969419
2025-01-31,QCOM,-0.091135242014198,-0.0270347304314839,0,without_risk,0.3708571321203666
2025-01-31,TSLA,-0.2758773935575025,-0.0270347304314839,0,without_risk,0.4368808488596943
2025-01-31,TXN,0.0616434593694261,-0.0270347304314839,1,without_risk,0.5138685770160517
2025-02-28,AAPL,-0.0815002077582137,-0.075861917921729,0,without_risk,0.4642056811390948
2025-02-28,ADBE,-0.1254788377545642,-0.075861917921729,0,without_risk,0.5049689486557956
2025-02-28,AMAT,-0.0819259268794203,-0.075861917921729,0,without_risk,0.5928888749623039
2025-02-28,AMD,0.0288403488465371,-0.075861917921729,1,without_risk,0.6554946763977754
2025-02-28,AMGN,0.0113287924416656,-0.075861917921729,1,without_risk,0.500887559261739
2025-02-28,AMZN,-0.1037309421475672,-0.075861917921729,0,without_risk,0.6328891888906327
2025-02-28,AVGO,-0.157916796394152,-0.075861917921729,0,without_risk,0.5889544700362606
2025-02-28,COST,-0.0980630433997747,-0.075861917921729,0,without_risk,0.5748444311148191
2025-02-28,CSCO,-0.0374356837994677,-0.075861917921729,1,without_risk,0.4584424361021147
2025-02-28,GOOG,-0.0918128407056253,-0.075861917921729,0,without_risk,0.5676575353811086
2025-02-28,GOOGL,-0.0908027332924799,-0.075861917921729,0,without_risk,0.5585088177512366
2025-02-28,INTU,0.0002443853154583,-0.075861917921729,1,without_risk,0.41934036455517737
2025-02-28,META,-0.1366765125057577,-0.075861917921729,0,without_risk,0.5564003482157264
2025-02-28,MSFT,-0.05440932488195,-0.075861917921729,1,without_risk,0.5004134794983212
2025-02-28,NFLX,-0.0489822286832742,-0.075861917921729,1,without_risk,0.5150899373127341
2025-02-28,NVDA,-0.1323249309931263,-0.075861917921729,0,without_risk,0.4112985956039671
2025-02-28,PEP,-0.0143631255186652,-0.075861917921729,1,without_risk,0.45856773719253285
2025-02-28,QCOM,-0.0173805787062544,-0.075861917921729,1,without_risk,0.5296578686709081
2025-02-28,TSLA,-0.1154345213189201,-0.075861917921729,0,without_risk,0.5855619342377565
2025-02-28,TXN,-0.0831165019436929,-0.075861917921729,0,without_risk,0.43392814930863965
2025-03-31,AAPL,-0.0433529542199339,0.01396820088766,0,without_risk,0.5877411860386669
2025-03-31,ADBE,-0.0222928788365492,0.01396820088766,0,without_risk,0.6973338196226515
2025-03-31,AMAT,0.0385198279174987,0.01396820088766,1,without_risk,0.5061106936544595
2025-03-31,AMD,-0.0524625219166874,0.01396820088766,0,without_risk,0.5785506864068527
2025-03-31,AMGN,-0.06621725021012,0.01396820088766,0,without_risk,0.418223026527368
2025-03-31,AMZN,-0.0306948202801552,0.01396820088766,0,without_risk,0.6170767121114944
2025-03-31,AVGO,0.1495549814990862,0.01396820088766,1,without_risk,0.5582301311374163
2025-03-31,COST,0.0515130090773394,0.01396820088766,1,without_risk,0.6076434848130287
2025-03-31,CSCO,-0.0582494052851219,0.01396820088766,0,without_risk,0.39200387472594117
2025-03-31,GOOG,0.0298277638405073,0.01396820088766,1,without_risk,0.5889736656508145
2025-03-31,GOOGL,0.0269012401918948,0.01396820088766,1,without_risk,0.5961301816238188
2025-03-31,INTU,0.0237395148215797,0.01396820088766,1,without_risk,0.488519642049829
2025-03-31,META,-0.0474701956279407,0.01396820088766,0,without_risk,0.6251741583483893
2025-03-31,MSFT,0.0529314476776183,0.01396820088766,1,without_risk,0.5083846842157017
2025-03-31,NFLX,0.2136016972136711,0.01396820088766,1,without_risk,0.5126322344143096
2025-03-31,NVDA,0.004982410811787,0.01396820088766,0,without_risk,0.6978874650304765
2025-03-31,PEP,-0.0957715916579042,0.01396820088766,0,without_risk,0.48380559990760247
2025-03-31,QCOM,-0.03352658226324,0.01396820088766,0,without_risk,0.5026316429226733
2025-03-31,TSLA,0.0887482623668549,0.01396820088766,1,without_risk,0.5563068485078481
2025-03-31,TXN,-0.101750355941628,0.01396820088766,0,without_risk,0.3480137881585003
2025-04-30,AAPL,-0.053584070052247,0.0917828863360947,0,without_risk,0.49547507710760813
2025-04-30,ADBE,0.1069656626390811,0.0917828863360947,1,without_risk,0.5947818928717733
2025-04-30,AMAT,0.0430345044558253,0.0917828863360947,0,without_risk,0.5497010503246714
2025-04-30,AMD,0.1374422711097356,0.0917828863360947,1,without_risk,0.6308450206876711
2025-04-30,AMGN,-0.0006642961736257,0.0917828863360947,0,without_risk,0.39246786906297115
2025-04-30,AMZN,0.1116473080052216,0.0917828863360947,1,without_risk,0.5969471556464473
2025-04-30,AVGO,0.2577025845783409,0.0917828863360947,1,without_risk,0.5574353011013321
2025-04-30,COST,0.0472955172471543,0.0917828863360947,0,without_risk,0.3344477611637637
2025-04-30,CSCO,0.0919798091198764,0.0917828863360947,1,without_risk,0.43707198405712044
2025-04-30,GOOG,0.0743364719505135,0.0917828863360947,0,without_risk,0.6305580811988236
2025-04-30,GOOGL,0.0814862453936164,0.0917828863360947,0,without_risk,0.674490147016966
2025-04-30,INTU,0.200806479494108,0.0917828863360947,1,without_risk,0.5513099749516724
2025-04-30,META,0.1793988952886178,0.0917828863360947,1,without_risk,0.6263400062335062
2025-04-30,MSFT,0.1668398736006513,0.0917828863360947,1,without_risk,0.3293573833976465
2025-04-30,NFLX,0.0667214743745314,0.0917828863360947,0,without_risk,0.5156289192942218
2025-04-30,NVDA,0.2406353870147419,0.0917828863360947,1,without_risk,0.5122138388855282
2025-04-30,PEP,-0.0304617426747452,0.0917828863360947,0,without_risk,0.471657082863969
2025-04-30,QCOM,-0.0219586851077657,0.0917828863360947,0,without_risk,0.6516660440633469
2025-04-30,TSLA,0.2278848417863253,0.0917828863360947,1,without_risk,0.4642662484008932
2025-04-30,TXN,0.1424554208417205,0.0917828863360947,1,without_risk,0.4483442524814354
2025-05-31,AAPL,0.0215085289391445,0.0638584828848247,0,without_risk,0.4980024689143407
2025-05-31,ADBE,-0.0679611450624184,0.0638584828848247,0,without_risk,0.47716642729203734
2025-05-31,AMAT,0.1679106738819673,0.0638584828848247,1,without_risk,0.48437196481834255
2025-05-31,AMD,0.28149543569574,0.0638584828848247,1,without_risk,0.5329606093435522
2025-05-31,AMGN,-0.0311262854478173,0.0638584828848247,0,without_risk,0.5437594663345344
2025-05-31,AMZN,0.0701429455544566,0.0638584828848247,1,without_risk,0.302912819704332
2025-05-31,AVGO,0.1414003058186692,0.0638584828848247,1,without_risk,0.5496490236891916
2025-05-31,COST,-0.0482994721044787,0.0638584828848247,0,without_risk,0.4589530303688819
2025-05-31,CSCO,0.1005711983458699,0.0638584828848247,1,without_risk,0.4814106120256675
2025-05-31,GOOG,0.0274992731836682,0.0638584828848247,0,without_risk,0.3681366387243542
2025-05-31,GOOGL,0.0273863412731589,0.0638584828848247,0,without_risk,0.3809999943478225
2025-05-31,INTU,0.0453369160230405,0.0638584828848247,0,without_risk,0.4874589925556133
2025-05-31,META,0.140802054498849,0.0638584828848247,1,without_risk,0.497267084346047
2025-05-31,MSFT,0.0804805734668925,0.0638584828848247,1,without_risk,0.5988629231092798
2025-05-31,NFLX,0.1092583423100148,0.0638584828848247,1,without_risk,0.4040232627957845
2025-05-31,NVDA,0.1692516955417806,0.0638584828848247,1,without_risk,0.32831960361267504
2025-05-31,PEP,0.0155101802790666,0.0638584828848247,0,without_risk,0.5102355337112369
2025-05-31,QCOM,0.1034205891671358,0.0638584828848247,1,without_risk,0.5171962856724556
2025-05-31,TSLA,-0.0831264460638392,0.0638584828848247,0,without_risk,0.5334926018604094
2025-05-31,TXN,0.1354663116087717,0.0638584828848247,1,without_risk,0.4045703778768461
2025-06-30,AAPL,0.0116977010484968,0.0242369186733282,0,without_risk,0.5791150589362734
2025-06-30,ADBE,-0.0754497572192908,0.0242369186733282,0,without_risk,0.4165167216660978
2025-06-30,AMAT,-0.0164418137437969,0.0242369186733282,0,without_risk,0.6280243574870908
2025-06-30,AMD,0.2424947508257919,0.0242369186733282,1,without_risk,0.6413103658418701
2025-06-30,AMGN,0.0569106167026227,0.0242369186733282,1,without_risk,0.5242029297140641
2025-06-30,AMZN,0.067095133149436,0.0242369186733282,1,without_risk,0.33112333783061504
2025-06-30,AVGO,0.0654816803055005,0.0242369186733282,1,without_risk,0.6910424396817356
2025-06-30,COST,-0.050811156751137,0.0242369186733282,0,without_risk,0.43080528805109536
2025-06-30,CSCO,-0.0128365499704157,0.0242369186733282,0,without_risk,0.49144846631392447
2025-06-30,GOOG,0.087208877525819,0.0242369186733282,1,without_risk,0.5480955875444814
2025-06-30,GOOGL,0.088917909913164,0.0242369186733282,1,without_risk,0.5185464372331012
2025-06-30,INTU,-0.0018251833716849,0.0242369186733282,0,without_risk,0.5582694859917565
2025-06-30,META,0.047893857332087,0.0242369186733282,1,without_risk,0.616691213992641
2025-06-30,MSFT,0.0725558461078348,0.0242369186733282,1,without_risk,0.6924135628088706
2025-06-30,NFLX,-0.1342139500795455,0.0242369186733282,0,without_risk,0.632899105308436
2025-06-30,NVDA,0.1258306729394935,0.0242369186733282,1,without_risk,0.6194416246458307
2025-06-30,PEP,0.0445318749952694,0.0242369186733282,1,without_risk,0.5504390973628266
2025-06-30,QCOM,-0.0784879949926715,0.0242369186733282,0,without_risk,0.43793863702289704
2025-06-30,TSLA,-0.0295599525914049,0.0242369186733282,0,without_risk,0.4826824503264903
2025-06-30,TXN,-0.1216227478027975,0.0242369186733282,0,without_risk,0.581343329627384
2025-07-31,AAPL,0.1196389194803018,0.009539601296203,1,without_risk,0.4129988749871293
2025-07-31,ADBE,-0.0027677324711841,0.009539601296203,0,without_risk,0.5490964738332781
2025-07-31,AMAT,-0.104627632970725,0.009539601296203,0,without_risk,0.5434620506826722
2025-07-31,AMD,-0.0775905669854877,0.009539601296203,0,without_risk,0.6212363790061698
2025-07-31,AMGN,-0.0171332293102948,0.009539601296203,0,without_risk,0.4485437732013989
2025-07-31,AMZN,-0.0218273486695538,0.009539601296203,0,without_risk,0.4646891639765067
2025-07-31,AVGO,0.0125637968511274,0.009539601296203,1,without_risk,0.5397527875907544
2025-07-31,COST,0.0053071794582035,0.009539601296203,0,without_risk,0.39317963557105784
2025-07-31,CSCO,0.0148353550797901,0.009539601296203,1,without_risk,0.5497297681998222
2025-07-31,GOOG,0.1071762016293691,0.009539601296203,1,without_risk,0.4955828705940721
2025-07-31,GOOGL,0.1094840646563244,0.009539601296203,1,without_risk,0.5224581154126199
2025-07-31,INTU,-0.1504591937607036,0.009539601296203,0,without_risk,0.4671715295760138
2025-07-31,META,-0.0449162370501456,0.009539601296203,0,without_risk,0.5770476133330029
2025-07-31,MSFT,-0.0486917118745919,0.009539601296203,0,without_risk,0.5005886025705836
2025-07-31,NFLX,0.0421338140759894,0.009539601296203,1,without_risk,0.6021950815401541
2025-07-31,NVDA,-0.0207454732826847,0.009539601296203,0,without_risk,0.5891841424275557
2025-07-31,PEP,0.0777986006766586,0.009539601296203,1,without_risk,0.4562127527695413
2025-07-31,QCOM,0.0951894829549846,0.009539601296203,1,without_risk,0.3979234626112011
2025-07-31,TSLA,0.0830441074897507,0.009539601296203,1,without_risk,0.43890708275055185
2025-07-31,TXN,0.1183033216341853,0.009539601296203,1,without_risk,0.5593727321918721
2025-08-31,AAPL,0.0968812192629327,0.0537623217326979,1,without_risk,0.5510773197033068
2025-08-31,ADBE,-0.0110737652701246,0.0537623217326979,0,without_risk,0.6077105987949186
2025-08-31,AMAT,0.2735755093113914,0.0537623217326979,1,without_risk,0.4530696054406024
2025-08-31,AMD,-0.0051651698423361,0.0537623217326979,0,without_risk,0.5511985951295632
2025-08-31,AMGN,-0.0191512289766477,0.0537623217326979,0,without_risk,0.4772073827613502
2025-08-31,AMZN,-0.041179007317822,0.0537623217326979,0,without_risk,0.5243830384822671
2025-08-31,AVGO,0.1112520962130114,0.0537623217326979,1,without_risk,0.5123265843766448
2025-08-31,COST,-0.0187528605992463,0.0537623217326979,0,without_risk,0.5084835927617595
2025-08-31,CSCO,-0.0096973023724492,0.0537623217326979,0,without_risk,0.4858570757123675
2025-08-31,GOOG,0.1416086578417525,0.0537623217326979,1,without_risk,0.6099189293035366
2025-08-31,GOOGL,0.1428183421128872,0.0537623217326979,1,without_risk,0.5665707269106615
2025-08-31,INTU,0.023853112192002,0.0537623217326979,0,without_risk,0.5016728321058834
2025-08-31,META,-0.0051771804501959,0.0537623217326979,0,without_risk,0.4978585125280752
2025-08-31,MSFT,0.0222226828637941,0.0537623217326979,0,without_risk,0.6179215029991542
2025-08-31,NFLX,-0.0077219009376532,0.0537623217326979,0,without_risk,0.5051967754520849
2025-08-31,NVDA,0.0712511196392733,0.0537623217326979,1,without_risk,0.5686487880925376
2025-08-31,PEP,-0.045988077781585,0.0537623217326979,0,without_risk,0.5152212319760708
2025-08-31,QCOM,0.0409178097913875,0.0537623217326979,0,without_risk,0.48306663167022074
2025-08-31,TSLA,0.3320154782540658,0.0537623217326979,1,without_risk,0.4322803654561116
2025-08-31,TXN,-0.0926016830726043,0.0537623217326979,0,without_risk,0.4909734250191983
2025-09-30,AAPL,0.061815207668346,0.0478038018648532,1,without_risk,0.5899064324901818
2025-09-30,ADBE,-0.0352657758792525,0.0478038018648532,0,without_risk,0.6073879456545226
2025-09-30,AMAT,0.1385171454787337,0.0478038018648532,1,without_risk,0.5750198424096568
2025-09-30,AMD,0.5830397783886911,0.0478038018648532,1,without_risk,0.6294297051614902
2025-09-30,AMGN,0.0575123992858435,0.0478038018648532,1,without_risk,0.44710337217231416
2025-09-30,AMZN,0.1122648498166054,0.0478038018648532,1,without_risk,0.43380819427309747
2025-09-30,AVGO,0.1203965118934498,0.0478038018648532,1,without_risk,0.39284027414512873
2025-09-30,COST,-0.0139262112834579,0.0478038018648532,0,without_risk,0.4723008643038726
2025-09-30,CSCO,0.0749992601883446,0.0478038018648532,1,without_risk,0.457702562974844
2025-09-30,GOOG,0.1571341494419047,0.0478038018648532,1,without_risk,0.5540632711397873
2025-09-30,GOOGL,0.1566844484934648,0.0478038018648532,1,without_risk,0.5511187073806335
2025-09-30,INTU,-0.0207055033133902,0.0478038018648532,0,without_risk,0.5474106018667066
2025-09-30,META,-0.1171464333124543,0.0478038018648532,0,without_risk,0.5405473856287548
2025-09-30,MSFT,-0.0002703764529621,0.0478038018648532,0,without_risk,0.5797118366297256
2025-09-30,NFLX,-0.0667767392171451,0.0478038018648532,0,without_risk,0.5308838724644007
2025-09-30,NVDA,0.0852717678839181,0.0478038018648532,1,without_risk,0.38476167741345146
2025-09-30,PEP,0.0402306185589036,0.0478038018648532,0,without_risk,0.46558071794124734
2025-09-30,QCOM,0.0874007511256687,0.0478038018648532,1,without_risk,0.5054464109700445
2025-09-30,TSLA,0.026623485126352,0.0478038018648532,0,without_risk,0.5890810314878812
2025-09-30,TXN,-0.1133666144757457,0.0478038018648532,0,without_risk,0.4352807183286645
2025-10-31,AAPL,0.0323641735556694,-0.0156103125344173,1,without_risk,0.4808255461167853
2025-10-31,ADBE,-0.0592988534587692,-0.0156103125344173,0,without_risk,0.4743316448706528
2025-10-31,AMAT,0.0842748311044161,-0.0156103125344173,1,without_risk,0.609678896275398
2025-10-31,AMD,-0.1506715487802262,-0.0156103125344173,0,without_risk,0.6395733934364424
2025-10-31,AMGN,0.1658477012755297,-0.0156103125344173,1,without_risk,0.43071634253623065
2025-10-31,AMZN,-0.0450413559291534,-0.0156103125344173,0,without_risk,0.45849685525018713
2025-10-31,AVGO,0.0901711705481083,-0.0156103125344173,1,without_risk,0.3970093559162223
2025-10-31,COST,0.0023479613753503,-0.0156103125344173,1,without_risk,0.4599071547185769
2025-10-31,CSCO,0.0523869596128732,-0.0156103125344173,1,without_risk,0.4759675653450239
2025-10-31,GOOG,0.1359020785724563,-0.0156103125344173,1,without_risk,0.5617508865091011
2025-10-31,GOOGL,0.1386606475547467,-0.0156103125344173,1,without_risk,0.48942839268896876
2025-10-31,INTU,-0.0501385181648083,-0.0156103125344173,0,without_risk,0.4908052492427651
2025-10-31,META,-0.0006168941794297,-0.0156103125344173,1,without_risk,0.46692086319276427
2025-10-31,MSFT,-0.0480467906235131,-0.0156103125344173,0,without_risk,0.5014861597581188
2025-10-31,NFLX,-0.0384855986878255,-0.0156103125344173,0,without_risk,0.3896926965785696
2025-10-31,NVDA,-0.1258827775133191,-0.0156103125344173,0,without_risk,0.41919958417832653
2025-10-31,PEP,0.0181395642422692,-0.0156103125344173,1,without_risk,0.5746625694051446
2025-10-31,QCOM,-0.070812533929409,-0.0156103125344173,0,without_risk,0.6348712432898188
2025-10-31,TSLA,-0.0578017878744897,-0.0156103125344173,0,without_risk,0.5630432634518648
2025-10-31,TXN,0.0421775930556937,-0.0156103125344173,1,without_risk,0.40459637600410175
2025-11-30,AAPL,-0.0250672886268734,-0.006699365349315,0,without_risk,0.5071214046187968
2025-11-30,ADBE,0.0932745600103717,-0.006699365349315,1,without_risk,0.6297794754772715
2025-11-30,AMAT,0.018790852645824,-0.006699365349315,1,without_risk,0.5855536658366611
2025-11-30,AMD,-0.0154920936702926,-0.006699365349315,0,without_risk,0.5714994331677794
2025-11-30,AMGN,-0.0525386731309793,-0.006699365349315,0,without_risk,0.4205761388588514
2025-11-30,AMZN,-0.0102906864073514,-0.006699365349315,0,without_risk,0.43726423383513635
2025-11-30,AVGO,-0.1394624026139842,-0.006699365349315,0,without_risk,0.5082164255431965
2025-11-30,COST,-0.0560973403777791,-0.006699365349315,0,without_risk,0.4436728460362576
2025-11-30,CSCO,0.0011697467886038,-0.006699365349315,1,without_risk,0.595931746765867
2025-11-30,GOOG,-0.0191029452093197,-0.006699365349315,0,without_risk,0.5187677227545601
2025-11-30,GOOGL,-0.0217854356294473,-0.006699365349315,0,without_risk,0.5217163096604502
2025-11-30,INTU,0.0446946312673244,-0.006699365349315,1,without_risk,0.44723838779006814
2025-11-30,META,0.0195668422097461,-0.006699365349315,1,without_risk,0.4960973508444921
2025-11-30,MSFT,-0.017052520929609,-0.006699365349315,0,without_risk,0.3791718836065724
2025-11-30,NFLX,-0.1284625344822668,-0.006699365349315,0,without_risk,0.4302715544702336
2025-11-30,NVDA,0.0537309315347924,-0.006699365349315,1,without_risk,0.6312887095823937
2025-11-30,PEP,-0.0256571712707275,-0.006699365349315,0,without_risk,0.4720606556277674
2025-11-30,QCOM,0.0228093174974415,-0.006699365349315,1,without_risk,0.4626256591641636
2025-11-30,TSLA,0.0454471190057812,-0.006699365349315,1,without_risk,0.5508706157741845
2025-11-30,TXN,0.0310215514564426,-0.006699365349315,1,without_risk,0.4645124390098098
2025-12-31,AAPL,-0.0455380852534945,0.0123065646397895,0,without_risk,0.6425135270950493
2025-12-31,ADBE,-0.1621188943043153,0.0123065646397895,0,without_risk,0.42864929024195836
2025-12-31,AMAT,0.2542123227822093,0.0123065646397895,1,without_risk,0.6164587101197588
2025-12-31,AMD,0.1053884557316289,0.0123065646397895,1,without_risk,0.6241108541983749
2025-12-31,AMGN,0.0445145017961234,0.0123065646397895,1,without_risk,0.6004507224884922
2025-12-31,AMZN,0.0367385645024598,0.0123065646397895,1,without_risk,0.5323633309530186
2025-12-31,AVGO,-0.0427621654672941,0.0123065646397895,0,without_risk,0.6731949153208672
2025-12-31,COST,0.0918366644400849,0.0123065646397895,1,without_risk,0.5656237930911717
2025-12-31,CSCO,0.0221872633809263,0.0123065646397895,1,without_risk,0.46528040924017383
2025-12-31,GOOG,0.0788082474752849,0.0123065646397895,1,without_risk,0.5978910376789645
2025-12-31,GOOGL,0.0798721982346861,0.0123065646397895,1,without_risk,0.6010153438101893
2025-12-31,INTU,-0.2454350457313868,0.0123065646397895,0,without_risk,0.42159583417119234
2025-12-31,META,0.0854580689253095,0.0123065646397895,1,without_risk,0.45919124607635636
2025-12-31,MSFT,-0.1102725416573149,0.0123065646397895,0,without_risk,0.5465162140087191
2025-12-31,NFLX,-0.1095350260075607,0.0123065646397895,0,without_risk,0.511439213525859
2025-12-31,NVDA,0.0248258171525319,0.0123065646397895,1,without_risk,0.37774004971548886
2025-12-31,PEP,0.0704431840082866,0.0123065646397895,1,without_risk,0.5467103090736364
2025-12-31,QCOM,-0.1137679419887411,0.0123065646397895,0,without_risk,0.3927538577928835
2025-12-31,TSLA,-0.0429378224365815,0.0123065646397895,0,without_risk,0.4765414357226383
2025-12-31,TXN,0.250544398871003,0.0123065646397895,1,without_risk,0.4307987737691326
2026-01-31,AAPL,0.0190657972612526,-0.023445512550915,1,without_risk,0.5780051143652268
2026-01-31,ADBE,-0.1051662279211956,-0.023445512550915,0,without_risk,0.6131707774288846
2026-01-31,AMAT,0.156503769293407,-0.023445512550915,1,without_risk,0.5895102847225968
2026-01-31,AMD,-0.1542685323903946,-0.023445512550915,0,without_risk,0.38445691875471005
2026-01-31,AMGN,0.1432362323324021,-0.023445512550915,1,without_risk,0.5510144696607452
2026-01-31,AMZN,-0.1224404625077274,-0.023445512550915,0,without_risk,0.45518325025299494
2026-01-31,AVGO,-0.0354663539257567,-0.023445512550915,0,without_risk,0.5922435146590558
2026-01-31,COST,0.0750226146390742,-0.023445512550915,1,without_risk,0.39533354789248404
2026-01-31,CSCO,0.0145556817275827,-0.023445512550915,1,without_risk,0.3842905751182304
2026-01-31,GOOG,-0.0800520829807351,-0.023445512550915,0,without_risk,0.4769384947043915
2026-01-31,GOOGL,-0.0776330856383754,-0.023445512550915,0,without_risk,0.47724404250437713
2026-01-31,INTU,-0.1801692270364647,-0.023445512550915,0,without_risk,0.6124483184389372
2026-01-31,META,-0.0953524306949691,-0.023445512550915,0,without_risk,0.5511715526377721
2026-01-31,MSFT,-0.0851834667392735,-0.023445512550915,0,without_risk,0.44643265061375276
2026-01-31,NFLX,0.1527129036558863,-0.023445512550915,1,without_risk,0.472504205552844
2026-01-31,NVDA,-0.072934655525534,-0.023445512550915,0,without_risk,0.46010697304502124
2026-01-31,PEP,0.1048623309826402,-0.023445512550915,1,without_risk,0.626226580648225
2026-01-31,QCOM,-0.0608879602232864,-0.023445512550915,0,without_risk,0.4134176235561905
2026-01-31,TSLA,-0.0648218992567539,-0.023445512550915,0,without_risk,0.5686113376061989
2026-01-31,TXN,-0.0159591646198673,-0.023445512550915,1,without_risk,0.6312689670240599
2026-02-28,AAPL,-0.0393292873989353,-0.04838249516441,1,without_risk,0.5559431314056595
2026-02-28,ADBE,-0.0736633571940529,-0.04838249516441,0,without_risk,0.5965646065398932
2026-02-28,AMAT,-0.0819500115680905,-0.04838249516441,0,without_risk,0.522337301278755
2026-02-28,AMD,0.016083042075494,-0.04838249516441,1,without_risk,0.6472351213980815
2026-02-28,AMGN,-0.0935438483422475,-0.04838249516441,0,without_risk,0.5725228434572317
2026-02-28,AMZN,-0.0082380748930432,-0.04838249516441,1,without_risk,0.5937885949236269
2026-02-28,AVGO,-0.0293873502480307,-0.04838249516441,1,without_risk,0.5677172741683009
2026-02-28,COST,-0.0142067492187719,-0.04838249516441,1,without_risk,0.5877393144800135
2026-02-28,CSCO,-0.0235338473652071,-0.04838249516441,1,without_risk,0.5355762735046524
2026-02-28,GOOG,-0.0782452642465085,-0.04838249516441,0,without_risk,0.6540301123605952
2026-02-28,GOOGL,-0.0769745802781913,-0.04838249516441,0,without_risk,0.643139309146554
2026-02-28,INTU,0.0570863065314828,-0.04838249516441,1,without_risk,0.6525904395773645
2026-02-28,META,-0.1165727797272506,-0.04838249516441,0,without_risk,0.4894143835375893
2026-02-28,MSFT,-0.0574680152016615,-0.04838249516441,0,without_risk,0.6093372058001055
2026-02-28,NFLX,-0.0009351240636767,-0.04838249516441,1,without_risk,0.44112933799457427
2026-02-28,NVDA,-0.0156925510196515,-0.04838249516441,1,without_risk,0.43600623124063476
2026-02-28,PEP,-0.0769567063191792,-0.04838249516441,0,without_risk,0.6601132926929956
2026-02-28,QCOM,-0.0895839606291548,-0.04838249516441,0,without_risk,0.5375073336157218
2026-02-28,TSLA,-0.0764204840111579,-0.04838249516441,0,without_risk,0.582835826905564
2026-02-28,TXN,-0.0847201709083944,-0.04838249516441,0,without_risk,0.4938897152442679
2026-03-31,AAPL,0.0691911950066288,0.1569007687376087,0,without_risk,0.46945716268100085
2026-03-31,ADBE,0.0124239108512096,0.1569007687376087,0,without_risk,0.6416900414859297
2026-03-31,AMAT,0.1541881994148153,0.1569007687376087,0,without_risk,0.47206464876030535
2026-03-31,AMD,0.7425650248110034,0.1569007687376087,1,without_risk,0.5164391643279697
2026-03-31,AMGN,-0.0159159172280719,0.1569007687376087,0,without_risk,0.5741681895862059
2026-03-31,AMZN,0.2726748553374951,0.1569007687376087,1,without_risk,0.5220239717970427
2026-03-31,AVGO,0.3486801004700972,0.1569007687376087,1,without_risk,0.5612534956720412
2026-03-31,COST,0.0181649277438011,0.1569007687376087,0,without_risk,0.6168146248870751
2026-03-31,CSCO,0.1856658589490689,0.1569007687376087,1,without_risk,0.4874279600989498
2026-03-31,GOOG,0.3314509609892264,0.1569007687376087,1,without_risk,0.6136418443601626
2026-03-31,GOOGL,0.3381554975124616,0.1569007687376087,1,without_risk,0.6357033173452562
2026-03-31,INTU,-0.098708126210196,0.1569007687376087,0,without_risk,0.4899192654514804
2026-03-31,META,0.0695296514782868,0.1569007687376087,0,without_risk,0.5614783123483417
2026-03-31,MSFT,0.1016019642556758,0.1569007687376087,0,without_risk,0.586694258688933
2026-03-31,NFLX,-0.0264170657848996,0.1569007687376087,0,without_risk,0.4940477529557623
2026-03-31,NVDA,0.1443234085538123,0.1569007687376087,0,without_risk,0.4744214038799656
2026-03-31,PEP,0.020606633260273,0.1569007687376087,0,without_risk,0.6304011186410182
2026-03-31,QCOM,0.3944712296321808,0.1569007687376087,1,without_risk,0.5780447268346101
2026-03-31,TSLA,0.0265770138071621,0.1569007687376087,0,without_risk,0.6066260187498532
2026-03-31,TXN,0.4478210837502554,0.1569007687376087,1,without_risk,0.6536905066126918
2026-04-30,AAPL,0.1510870878118577,0.1056848850894773,1,without_risk,0.35805106951956794
2026-04-30,ADBE,0.0532709671939144,0.1056848850894773,0,without_risk,0.598820198260112
2026-04-30,AMAT,0.1422837269040517,0.1056848850894773,1,without_risk,0.5197296384055025
2026-04-30,AMD,0.4558943547170746,0.1056848850894773,1,without_risk,0.6702066087101997
2026-04-30,AMGN,-0.0199761404166848,0.1056848850894773,0,without_risk,0.6166974922803776
2026-04-30,AMZN,0.0210519019891346,0.1056848850894773,0,without_risk,0.5331758200468909
2026-04-30,AVGO,0.0702872400219907,0.1056848850894773,0,without_risk,0.6346874084747364
2026-04-30,COST,-0.0560085759854093,0.1056848850894773,0,without_risk,0.6050923192630153
2026-04-30,CSCO,0.3160655117551401,0.1056848850894773,1,without_risk,0.5604029126187643
2026-04-30,GOOG,-0.0144263433249531,0.1056848850894773,0,without_risk,0.5189970978327698
2026-04-30,GOOGL,-0.0115904338806527,0.1056848850894773,0,without_risk,0.513001575916607
2026-04-30,INTU,-0.1466409188727515,0.1056848850894773,0,without_risk,0.5781767025186136
2026-04-30,META,0.0336650942218894,0.1056848850894773,0,without_risk,0.4867313558610667
2026-04-30,MSFT,0.1065161348048717,0.1056848850894773,1,without_risk,0.4293289873274773
2026-04-30,NFLX,-0.0810811229334169,0.1056848850894773,0,without_risk,0.45546946412771433
2026-04-30,NVDA,0.0579746588165734,0.1056848850894773,0,without_risk,0.3908176194958446
2026-04-30,PEP,-0.0902264673073079,0.1056848850894773,0,without_risk,0.6024797422348005
2026-04-30,QCOM,0.3978171097936005,0.1056848850894773,1,without_risk,0.4933429269492614
2026-04-30,TSLA,0.141917571912985,0.1056848850894773,1,without_risk,0.42681459956945017
2026-04-30,TXN,0.0930453268254547,0.1056848850894773,0,without_risk,0.6043990994900843
2026-05-31,AAPL,-0.0727424610159107,-0.001490831230688,0,without_risk,0.4858029637784677
2026-05-31,ADBE,-0.2090582499479326,-0.001490831230688,0,without_risk,0.5923569303724322
2026-05-31,AMAT,0.6064524817180001,-0.001490831230688,1,without_risk,0.49025312678761046
2026-05-31,AMD,0.1255764398845664,-0.001490831230688,1,without_risk,0.6128700082529489
2026-05-31,AMGN,0.0752100297799869,-0.001490831230688,1,without_risk,0.46230463719114756
2026-05-31,AMZN,-0.1193467948651447,-0.001490831230688,0,without_risk,0.465279189257118
2026-05-31,AVGO,-0.1531484762625794,-0.001490831230688,0,without_risk,0.5899124471627936
2026-05-31,COST,-0.0218023637081818,-0.001490831230688,0,without_risk,0.46597085615579537
2026-05-31,CSCO,-0.0245806259437284,-0.001490831230688,0,without_risk,0.608543530743275
2026-05-31,GOOG,-0.0608011120557968,-0.001490831230688,0,without_risk,0.5426690963132063
2026-05-31,GOOGL,-0.0598320859768355,-0.001490831230688,0,without_risk,0.5284011927083669
2026-05-31,INTU,-0.2127409641478356,-0.001490831230688,0,without_risk,0.6343917922446878
2026-05-31,META,-0.1086116431936491,-0.001490831230688,0,without_risk,0.4107377824590813
2026-05-31,MSFT,-0.1715085352158653,-0.001490831230688,0,without_risk,0.41237686697161363
2026-05-31,NFLX,-0.1699604241773233,-0.001490831230688,0,without_risk,0.45544093025650917
2026-05-31,NVDA,-0.0512304934107208,-0.001490831230688,0,without_risk,0.46979097806009407
2026-05-31,PEP,-0.0510816146417201,-0.001490831230688,0,without_risk,0.4120958564310611
2026-05-31,QCOM,-0.2611245912981512,-0.001490831230688,0,without_risk,0.650763603873573
2026-05-31,TSLA,-0.0348562430151274,-0.001490831230688,0,without_risk,0.3998385363043721
2026-05-31,TXN,-0.0248952680381473,-0.001490831230688,0,without_risk,0.5570723970339332
2026-06-30,AAPL,0.1286633013237643,-0.0547800455161126,1,without_risk,0.42100903772046666
2026-06-30,ADBE,0.1449614701071162,-0.0547800455161126,1,without_risk,0.6831717414826579
2026-06-30,AMAT,-0.2728907161728475,-0.0547800455161126,0,without_risk,0.5490139595788185
2026-06-30,AMD,-0.1331358892009763,-0.0547800455161126,0,without_risk,0.42789525837181863
2026-06-30,AMGN,0.0056611574566145,-0.0547800455161126,1,without_risk,0.34925478184725056
2026-06-30,AMZN,0.0488797907790408,-0.0547800455161126,1,without_risk,0.46593645359403413
2026-06-30,AVGO,0.0010853836190849,-0.0547800455161126,1,without_risk,0.5313939251291128
2026-06-30,COST,0.0003527821310989,-0.0547800455161126,1,without_risk,0.4788055960260001
2026-06-30,CSCO,-0.0540258699492648,-0.0547800455161126,1,without_risk,0.5280550565086368
2026-06-30,GOOG,-0.0055471981704481,-0.0547800455161126,1,without_risk,0.4787070686333794
2026-06-30,GOOGL,-0.0150544392543316,-0.0547800455161126,1,without_risk,0.4810087318656941
2026-06-30,INTU,0.1307339164013421,-0.0547800455161126,1,without_risk,0.7320358615532964
2026-06-30,META,0.1465674888229344,-0.0547800455161126,1,without_risk,0.47360494369195444
2026-06-30,MSFT,0.0784676971565112,-0.0547800455161126,1,without_risk,0.6114423515953492
2026-06-30,NFLX,-0.0532213301197269,-0.0547800455161126,1,without_risk,0.6638744880147286
2026-06-30,NVDA,0.0159428382217534,-0.0547800455161126,1,without_risk,0.399942780438586
2026-06-30,PEP,0.0004432261454065,-0.0547800455161126,1,without_risk,0.5261382210796907
2026-06-30,QCOM,-0.0783050299672256,-0.0547800455161126,0,without_risk,0.6164767179985107
2026-06-30,TSLA,-0.1213266715139742,-0.0547800455161126,0,without_risk,0.40623675941696363
2026-06-30,TXN,-0.0469688316703794,-0.0547800455161126,1,without_risk,0.5363111986271036
2024-07-31,AAPL,0.032353605269078,0.0110387541930649,1,without_qqq_relative,0.6058382276635828
2024-07-31,ADBE,0.0412579492852254,0.0110387541930649,1,without_qqq_relative,0.5144305375407682
2024-07-31,AMAT,-0.0686237039668253,0.0110387541930649,0,without_qqq_relative,0.522370424360474
2024-07-31,AMD,0.0282392161662903,0.0110387541930649,1,without_qqq_relative,0.4139262051246513
2024-07-31,AMGN,0.0110819375300605,0.0110387541930649,1,without_qqq_relative,0.49814482803748766
2024-07-31,AMZN,-0.045352422298136,0.0110387541930649,0,without_qqq_relative,0.5533388968418557
2024-07-31,AVGO,0.0133185783428655,0.0110387541930649,1,without_qqq_relative,0.4378213186442388
2024-07-31,COST,0.085620331358543,0.0110387541930649,1,without_qqq_relative,0.5052721625126153
2024-07-31,CSCO,0.0431371435148633,0.0110387541930649,1,without_qqq_relative,0.5815050487029882
2024-07-31,GOOG,-0.0464335721714519,0.0110387541930649,0,without_qqq_relative,0.4979114851269781
2024-07-31,GOOGL,-0.0475689188191061,0.0110387541930649,0,without_qqq_relative,0.4965280849351399
2024-07-31,INTU,-0.0264000316281816,0.0110387541930649,0,without_qqq_relative,0.46062832905447076
2024-07-31,META,0.0978876100904015,0.0110387541930649,1,without_qqq_relative,0.5186147943059716
2024-07-31,MSFT,-0.0010950338042321,0.0110387541930649,0,without_qqq_relative,0.44982315571691006
2024-07-31,NFLX,0.1161773399876078,0.0110387541930649,1,without_qqq_relative,0.4681878714142106
2024-07-31,NVDA,0.0200822122400174,0.0110387541930649,1,without_qqq_relative,0.4172028568986379
2024-07-31,PEP,0.0012160859646712,0.0110387541930649,0,without_qqq_relative,0.5395037263485681
2024-07-31,QCOM,-0.0312242667899543,0.0110387541930649,0,without_qqq_relative,0.5280503950564611
2024-07-31,TSLA,-0.0773904690267696,0.0110387541930649,0,without_qqq_relative,0.5184713179450311
2024-07-31,TXN,0.0516657354901359,0.0110387541930649,1,without_qqq_relative,0.42525317886364317
2024-08-31,AAPL,0.0174671457188737,0.0262160295313964,0,without_qqq_relative,0.6206406729636638
2024-08-31,ADBE,-0.0985880233548925,0.0262160295313964,0,without_qqq_relative,0.5228905487790911
2024-08-31,AMAT,0.0242825726644042,0.0262160295313964,0,without_qqq_relative,0.5015216893053179
2024-08-31,AMD,0.1044696050586542,0.0262160295313964,1,without_qqq_relative,0.5301569798714384
2024-08-31,AMGN,-0.0348080606616325,0.0262160295313964,0,without_qqq_relative,0.5092675583962272
2024-08-31,AMZN,0.0438655564764969,0.0262160295313964,1,without_qqq_relative,0.43519134649735186
2024-08-31,AVGO,0.0629367290972977,0.0262160295313964,1,without_qqq_relative,0.5483259565015648
2024-08-31,COST,-0.0065667126070291,0.0262160295313964,0,without_qqq_relative,0.6220775704581516
2024-08-31,CSCO,0.0530273719178453,0.0262160295313964,1,without_qqq_relative,0.5522270877309395
2024-08-31,GOOG,0.0139305272805616,0.0262160295313964,0,without_qqq_relative,0.4713591636816513
2024-08-31,GOOGL,0.0164651610338451,0.0262160295313964,0,without_qqq_relative,0.45892394623501936
2024-08-31,INTU,-0.0146923374199152,0.0262160295313964,0,without_qqq_relative,0.5247152556824713
2024-08-31,META,0.0991273179879281,0.0262160295313964,1,without_qqq_relative,0.5453869999726461
2024-08-31,MSFT,0.0315480912959345,0.0262160295313964,1,without_qqq_relative,0.4688299090452951
2024-08-31,NFLX,0.0112925043526219,0.0262160295313964,0,without_qqq_relative,0.49258028772900614
2024-08-31,NVDA,0.0174280680549436,0.0262160295313964,0,without_qqq_relative,0.4323268116452189
2024-08-31,PEP,-0.0088794262922503,0.0262160295313964,0,without_qqq_relative,0.5062340265898301
2024-08-31,QCOM,-0.0249354027347803,0.0262160295313964,0,without_qqq_relative,0.5821861021941166
2024-08-31,TSLA,0.2219420117556314,0.0262160295313964,1,without_qqq_relative,0.46776470097594264
2024-08-31,TXN,-0.036250617293745,0.0262160295313964,0,without_qqq_relative,0.4521165792620343
2024-09-30,AAPL,-0.0304291846966061,-0.0086463559104306,0,without_qqq_relative,0.5204250509999495
2024-09-30,ADBE,-0.0766735688483785,-0.0086463559104306,0,without_qqq_relative,0.4701862723971223
2024-09-30,AMAT,-0.1013114774453455,-0.0086463559104306,0,without_qqq_relative,0.5148661023565967
2024-09-30,AMD,-0.121952671157569,-0.0086463559104306,0,without_qqq_relative,0.46605360998945183
2024-09-30,AMGN,-0.0063621979331132,-0.0086463559104306,1,without_qqq_relative,0.5064152412677163
2024-09-30,AMZN,0.0003756349741959,-0.0086463559104306,1,without_qqq_relative,0.5013953944114704
2024-09-30,AVGO,-0.015826247047905,-0.0086463559104306,0,without_qqq_relative,0.4439072977228335
2024-09-30,COST,-0.0139195630400947,-0.0086463559104306,0,without_qqq_relative,0.49518791542041335
2024-09-30,CSCO,0.036989338483875,-0.0086463559104306,1,without_qqq_relative,0.599001173349007
2024-09-30,GOOG,0.0328967713356791,-0.0086463559104306,1,without_qqq_relative,0.6137226904251366
2024-09-30,GOOGL,0.0317151610345349,-0.0086463559104306,1,without_qqq_relative,0.641212229685753
2024-09-30,INTU,-0.0155832292427423,-0.0086463559104306,0,without_qqq_relative,0.47516143320361665
2024-09-30,META,-0.0084898937878576,-0.0086463559104306,1,without_qqq_relative,0.556952407975397
2024-09-30,MSFT,-0.0556588813617846,-0.0086463559104306,0,without_qqq_relative,0.4970262766995459
2024-09-30,NFLX,0.0659268648650508,-0.0086463559104306,1,without_qqq_relative,0.4752451356023882
2024-09-30,NVDA,0.093214607697996,-0.0086463559104306,1,without_qqq_relative,0.43883005923192947
2024-09-30,PEP,-0.0233462090440089,-0.0086463559104306,0,without_qqq_relative,0.4865172336792123
2024-09-30,QCOM,-0.0428109621341493,-0.0086463559104306,0,without_qqq_relative,0.4708108644386623
2024-09-30,TSLA,-0.0450254120683647,-0.0086463559104306,0,without_qqq_relative,0.45575229794136335
2024-09-30,TXN,-0.0100329261207495,-0.0086463559104306,0,without_qqq_relative,0.42433078309222744
2024-10-31,AAPL,0.0517069693875071,0.0535082171626466,0,without_qqq_relative,0.49384268922874186
2024-10-31,ADBE,0.0791708650573146,0.0535082171626466,1,without_qqq_relative,0.5086955752193459
2024-10-31,AMAT,-0.0355718516640958,0.0535082171626466,0,without_qqq_relative,0.4393081739100749
2024-10-31,AMD,-0.0478240737014196,0.0535082171626466,0,without_qqq_relative,0.5055051332691803
2024-10-31,AMGN,-0.1094076991024316,0.0535082171626466,0,without_qqq_relative,0.4557031549186804
2024-10-31,AMZN,0.1152897328156477,0.0535082171626466,1,without_qqq_relative,0.5873953522825354
2024-10-31,AVGO,-0.0452964254728345,0.0535082171626466,0,without_qqq_relative,0.4174911294068741
2024-10-31,COST,0.1132390045546267,0.0535082171626466,1,without_qqq_relative,0.5830544883698254
2024-10-31,CSCO,0.0810663387539496,0.0535082171626466,1,without_qqq_relative,0.445268270530714
2024-10-31,GOOG,-0.012739669642318,0.0535082171626466,0,without_qqq_relative,0.3897692769386564
2024-10-31,GOOGL,-0.0126233697468999,0.0535082171626466,0,without_qqq_relative,0.39921968326779106
2024-10-31,INTU,0.0514992353002206,0.0535082171626466,0,without_qqq_relative,0.4179164372210383
2024-10-31,META,0.0118749280096819,0.0535082171626466,0,without_qqq_relative,0.45580669310979277
2024-10-31,MSFT,0.0441925051795559,0.0535082171626466,0,without_qqq_relative,0.4858015032806287
2024-10-31,NFLX,0.1729825996151546,0.0535082171626466,1,without_qqq_relative,0.5074466059429372
2024-10-31,NVDA,0.0413528974667274,0.0535082171626466,0,without_qqq_relative,0.4548007539793349
2024-10-31,PEP,-0.0158357170842929,0.0535082171626466,0,without_qqq_relative,0.413632955393017
2024-10-31,QCOM,-0.0260489378629769,0.0535082171626466,0,without_qqq_relative,0.4833230104397364
2024-10-31,TSLA,0.3814688622385136,0.0535082171626466,1,without_qqq_relative,0.4180232470468891
2024-10-31,TXN,-0.0104842508736225,0.0535082171626466,0,without_qqq_relative,0.5487005487500213
2024-11-30,AAPL,0.0551551975335746,0.0045404969264244,1,without_qqq_relative,0.46589595887622154
2024-11-30,ADBE,-0.1381001318230681,0.0045404969264244,0,without_qqq_relative,0.6122541763324895
2024-11-30,AMAT,-0.069143213498102,0.0045404969264244,0,without_qqq_relative,0.4489239263121804
2024-11-30,AMD,-0.1194780043398231,0.0045404969264244,0,without_qqq_relative,0.46692116126610017
2024-11-30,AMGN,-0.0785870401414239,0.0045404969264244,0,without_qqq_relative,0.4373876568719601
2024-11-30,AMZN,0.0553177162622697,0.0045404969264244,1,without_qqq_relative,0.48646126911608484
2024-11-30,AVGO,0.4342371835268781,0.0045404969264244,1,without_qqq_relative,0.48075043583597493
2024-11-30,COST,-0.0572188433973216,0.0045404969264244,0,without_qqq_relative,0.5466932717127782
2024-11-30,CSCO,-0.0001689028922357,0.0045404969264244,0,without_qqq_relative,0.5388393855273561
2024-11-30,GOOG,0.1182830573454472,0.0045404969264244,1,without_qqq_relative,0.5385534535133827
2024-11-30,GOOGL,0.1217340405274778,0.0045404969264244,1,without_qqq_relative,0.4927487590731625
2024-11-30,INTU,-0.0206161098739873,0.0045404969264244,0,without_qqq_relative,0.4510143959866152
2024-11-30,META,0.0203063736401394,0.0045404969264244,1,without_qqq_relative,0.6051101135673438
2024-11-30,MSFT,-0.0046285135158982,0.0045404969264244,0,without_qqq_relative,0.4278497444946574
2024-11-30,NFLX,0.0050856894888637,0.0045404969264244,1,without_qqq_relative,0.4389065683829069
2024-11-30,NVDA,-0.0285769178431161,0.0045404969264244,0,without_qqq_relative,0.6762749112996633
2024-11-30,PEP,-0.0617636224787745,0.0045404969264244,0,without_qqq_relative,0.438206238313021
2024-11-30,QCOM,-0.0259032746563492,0.0045404969264244,0,without_qqq_relative,0.4699935542900972
2024-11-30,TSLA,0.1700080891563131,0.0045404969264244,1,without_qqq_relative,0.4918380853033378
2024-11-30,TXN,-0.0672536799653069,0.0045404969264244,0,without_qqq_relative,0.4747063011854458
2024-12-31,AAPL,-0.0575832864423716,0.0216339201740081,0,without_qqq_relative,0.6096864829018427
2024-12-31,ADBE,-0.0162588391378818,0.0216339201740081,0,without_qqq_relative,0.5681652513184975
2024-12-31,AMAT,0.108959053536314,0.0216339201740081,1,without_qqq_relative,0.46265579646263916
2024-12-31,AMD,-0.0400695747214202,0.0216339201740081,0,without_qqq_relative,0.6411043088970658
2024-12-31,AMGN,0.0950734275898357,0.0216339201740081,1,without_qqq_relative,0.47358658502348144
2024-12-31,AMZN,0.083367488659539,0.0216339201740081,1,without_qqq_relative,0.5084997678081052
2024-12-31,AVGO,-0.0455917646978838,0.0216339201740081,0,without_qqq_relative,0.495723606374886
2024-12-31,COST,0.0694227926245696,0.0216339201740081,1,without_qqq_relative,0.4952059053147781
2024-12-31,CSCO,0.0306240014335366,0.0216339201740081,1,without_qqq_relative,0.5923736863463421
2024-12-31,GOOG,0.0796050886702883,0.0216339201740081,1,without_qqq_relative,0.5168190514151009
2024-12-31,GOOGL,0.0777601399116461,0.0216339201740081,1,without_qqq_relative,0.4965259094059716
2024-12-31,INTU,-0.0413510438949052,0.0216339201740081,0,without_qqq_relative,0.5460133406998776
2024-12-31,META,0.1770591800762093,0.0216339201740081,1,without_qqq_relative,0.542605172084298
2024-12-31,MSFT,-0.015278774333898,0.0216339201740081,0,without_qqq_relative,0.45470564642406447
2024-12-31,NFLX,0.0958578103881719,0.0216339201740081,1,without_qqq_relative,0.4269408062450026
2024-12-31,NVDA,-0.1058901733604136,0.0216339201740081,0,without_qqq_relative,0.5286768079738182
2024-12-31,PEP,-0.0090094029665265,0.0216339201740081,0,without_qqq_relative,0.48783822812117317
2024-12-31,QCOM,0.1257000005641959,0.0216339201740081,1,without_qqq_relative,0.5201421532768036
2024-12-31,TSLA,0.0018819576379678,0.0216339201740081,0,without_qqq_relative,0.4016015298032825
2024-12-31,TXN,-0.0081852837773849,0.0216339201740081,0,without_qqq_relative,0.4298033556079305
2025-01-31,AAPL,0.025872532730673,-0.0270347304314839,1,without_qqq_relative,0.44555280657498714
2025-01-31,ADBE,0.0025373992926924,-0.0270347304314839,1,without_qqq_relative,0.6045830154886705
2025-01-31,AMAT,-0.1215186459774313,-0.0270347304314839,0,without_qqq_relative,0.40967771615800996
2025-01-31,AMD,-0.1387666818574638,-0.0270347304314839,0,without_qqq_relative,0.4373836389357989
2025-01-31,AMGN,0.088041664608548,-0.0270347304314839,1,without_qqq_relative,0.5619795805960225
2025-01-31,AMZN,-0.1068663525715117,-0.0270347304314839,0,without_qqq_relative,0.5746613649388082
2025-01-31,AVGO,-0.0987030662758818,-0.0270347304314839,0,without_qqq_relative,0.4254631786774226
2025-01-31,COST,0.0713234700383356,-0.0270347304314839,1,without_qqq_relative,0.5282663549904768
2025-01-31,CSCO,0.057920856698409,-0.0270347304314839,1,without_qqq_relative,0.6414673485012075
2025-01-31,GOOG,-0.1623541881738535,-0.0270347304314839,0,without_qqq_relative,0.5739947734536651
2025-01-31,GOOGL,-0.1653760794155103,-0.0270347304314839,0,without_qqq_relative,0.5826747112668872
2025-01-31,INTU,0.0204985488677544,-0.0270347304314839,1,without_qqq_relative,0.42072974344801656
2025-01-31,META,-0.0304420047440421,-0.0270347304314839,0,without_qqq_relative,0.6089307298692405
2025-01-31,MSFT,-0.0416180538185706,-0.0270347304314839,0,without_qqq_relative,0.484740357431981
2025-01-31,NFLX,0.0038903849838498,-0.0270347304314839,1,without_qqq_relative,0.5643013050616411
2025-01-31,NVDA,0.0403930930624214,-0.0270347304314839,1,without_qqq_relative,0.4275988451302298
2025-01-31,PEP,0.0184483478148462,-0.0270347304314839,1,without_qqq_relative,0.5214181002770736
2025-01-31,QCOM,-0.091135242014198,-0.0270347304314839,0,without_qqq_relative,0.3880702149733122
2025-01-31,TSLA,-0.2758773935575025,-0.0270347304314839,0,without_qqq_relative,0.3769700078644235
2025-01-31,TXN,0.0616434593694261,-0.0270347304314839,1,without_qqq_relative,0.5187186293935817
2025-02-28,AAPL,-0.0815002077582137,-0.075861917921729,0,without_qqq_relative,0.4723478235619975
2025-02-28,ADBE,-0.1254788377545642,-0.075861917921729,0,without_qqq_relative,0.5929517521557645
2025-02-28,AMAT,-0.0819259268794203,-0.075861917921729,0,without_qqq_relative,0.5517260090185913
2025-02-28,AMD,0.0288403488465371,-0.075861917921729,1,without_qqq_relative,0.6550257699086564
2025-02-28,AMGN,0.0113287924416656,-0.075861917921729,1,without_qqq_relative,0.5670879534585277
2025-02-28,AMZN,-0.1037309421475672,-0.075861917921729,0,without_qqq_relative,0.5026981524701122
2025-02-28,AVGO,-0.157916796394152,-0.075861917921729,0,without_qqq_relative,0.5009073813729934
2025-02-28,COST,-0.0980630433997747,-0.075861917921729,0,without_qqq_relative,0.451969470695448
2025-02-28,CSCO,-0.0374356837994677,-0.075861917921729,1,without_qqq_relative,0.5430325144371445
2025-02-28,GOOG,-0.0918128407056253,-0.075861917921729,0,without_qqq_relative,0.6216900418881525
2025-02-28,GOOGL,-0.0908027332924799,-0.075861917921729,0,without_qqq_relative,0.6283119932062798
2025-02-28,INTU,0.0002443853154583,-0.075861917921729,1,without_qqq_relative,0.4744809865705465
2025-02-28,META,-0.1366765125057577,-0.075861917921729,0,without_qqq_relative,0.5576456793213298
2025-02-28,MSFT,-0.05440932488195,-0.075861917921729,1,without_qqq_relative,0.4911451899748593
2025-02-28,NFLX,-0.0489822286832742,-0.075861917921729,1,without_qqq_relative,0.5827015572333458
2025-02-28,NVDA,-0.1323249309931263,-0.075861917921729,0,without_qqq_relative,0.3894847426695507
2025-02-28,PEP,-0.0143631255186652,-0.075861917921729,1,without_qqq_relative,0.5071487094428438
2025-02-28,QCOM,-0.0173805787062544,-0.075861917921729,1,without_qqq_relative,0.45215479535491293
2025-02-28,TSLA,-0.1154345213189201,-0.075861917921729,0,without_qqq_relative,0.5674844954182948
2025-02-28,TXN,-0.0831165019436929,-0.075861917921729,0,without_qqq_relative,0.544327197869481
2025-03-31,AAPL,-0.0433529542199339,0.01396820088766,0,without_qqq_relative,0.5298657727784624
2025-03-31,ADBE,-0.0222928788365492,0.01396820088766,0,without_qqq_relative,0.625657686576841
2025-03-31,AMAT,0.0385198279174987,0.01396820088766,1,without_qqq_relative,0.49128203141977017
2025-03-31,AMD,-0.0524625219166874,0.01396820088766,0,without_qqq_relative,0.5349539844466725
2025-03-31,AMGN,-0.06621725021012,0.01396820088766,0,without_qqq_relative,0.4495818299245219
2025-03-31,AMZN,-0.0306948202801552,0.01396820088766,0,without_qqq_relative,0.6437846214213249
2025-03-31,AVGO,0.1495549814990862,0.01396820088766,1,without_qqq_relative,0.5570916592165832
2025-03-31,COST,0.0515130090773394,0.01396820088766,1,without_qqq_relative,0.4946348909405118
2025-03-31,CSCO,-0.0582494052851219,0.01396820088766,0,without_qqq_relative,0.44571436324241215
2025-03-31,GOOG,0.0298277638405073,0.01396820088766,1,without_qqq_relative,0.5285638073045427
2025-03-31,GOOGL,0.0269012401918948,0.01396820088766,1,without_qqq_relative,0.5288532588377269
2025-03-31,INTU,0.0237395148215797,0.01396820088766,1,without_qqq_relative,0.5183195186838975
2025-03-31,META,-0.0474701956279407,0.01396820088766,0,without_qqq_relative,0.5902050931140123
2025-03-31,MSFT,0.0529314476776183,0.01396820088766,1,without_qqq_relative,0.5659462108060825
2025-03-31,NFLX,0.2136016972136711,0.01396820088766,1,without_qqq_relative,0.4502843047166796
2025-03-31,NVDA,0.004982410811787,0.01396820088766,0,without_qqq_relative,0.45803031160521407
2025-03-31,PEP,-0.0957715916579042,0.01396820088766,0,without_qqq_relative,0.5119761037363921
2025-03-31,QCOM,-0.03352658226324,0.01396820088766,0,without_qqq_relative,0.5066854238913101
2025-03-31,TSLA,0.0887482623668549,0.01396820088766,1,without_qqq_relative,0.5002993223614193
2025-03-31,TXN,-0.101750355941628,0.01396820088766,0,without_qqq_relative,0.4637242709383336
2025-04-30,AAPL,-0.053584070052247,0.0917828863360947,0,without_qqq_relative,0.5265186878788526
2025-04-30,ADBE,0.1069656626390811,0.0917828863360947,1,without_qqq_relative,0.5195821728826202
2025-04-30,AMAT,0.0430345044558253,0.0917828863360947,0,without_qqq_relative,0.47777750324859675
2025-04-30,AMD,0.1374422711097356,0.0917828863360947,1,without_qqq_relative,0.5289348708399878
2025-04-30,AMGN,-0.0006642961736257,0.0917828863360947,0,without_qqq_relative,0.45299712869092756
2025-04-30,AMZN,0.1116473080052216,0.0917828863360947,1,without_qqq_relative,0.5911136771840316
2025-04-30,AVGO,0.2577025845783409,0.0917828863360947,1,without_qqq_relative,0.5149441032489446
2025-04-30,COST,0.0472955172471543,0.0917828863360947,0,without_qqq_relative,0.41080755551330334
2025-04-30,CSCO,0.0919798091198764,0.0917828863360947,1,without_qqq_relative,0.4122860250870173
2025-04-30,GOOG,0.0743364719505135,0.0917828863360947,0,without_qqq_relative,0.5554379915622116
2025-04-30,GOOGL,0.0814862453936164,0.0917828863360947,0,without_qqq_relative,0.5863033346952563
2025-04-30,INTU,0.200806479494108,0.0917828863360947,1,without_qqq_relative,0.35779941728504494
2025-04-30,META,0.1793988952886178,0.0917828863360947,1,without_qqq_relative,0.602026040226291
2025-04-30,MSFT,0.1668398736006513,0.0917828863360947,1,without_qqq_relative,0.3098391214589192
2025-04-30,NFLX,0.0667214743745314,0.0917828863360947,0,without_qqq_relative,0.34598190437650267
2025-04-30,NVDA,0.2406353870147419,0.0917828863360947,1,without_qqq_relative,0.4741841279702761
2025-04-30,PEP,-0.0304617426747452,0.0917828863360947,0,without_qqq_relative,0.5165694581235297
2025-04-30,QCOM,-0.0219586851077657,0.0917828863360947,0,without_qqq_relative,0.4814373244928325
2025-04-30,TSLA,0.2278848417863253,0.0917828863360947,1,without_qqq_relative,0.5603990987452875
2025-04-30,TXN,0.1424554208417205,0.0917828863360947,1,without_qqq_relative,0.5334371053901941
2025-05-31,AAPL,0.0215085289391445,0.0638584828848247,0,without_qqq_relative,0.5035257000747293
2025-05-31,ADBE,-0.0679611450624184,0.0638584828848247,0,without_qqq_relative,0.4307881504933056
2025-05-31,AMAT,0.1679106738819673,0.0638584828848247,1,without_qqq_relative,0.3634999971920812
2025-05-31,AMD,0.28149543569574,0.0638584828848247,1,without_qqq_relative,0.4848832501773015
2025-05-31,AMGN,-0.0311262854478173,0.0638584828848247,0,without_qqq_relative,0.5408552856606017
2025-05-31,AMZN,0.0701429455544566,0.0638584828848247,1,without_qqq_relative,0.32429462435707296
2025-05-31,AVGO,0.1414003058186692,0.0638584828848247,1,without_qqq_relative,0.46433592806673896
2025-05-31,COST,-0.0482994721044787,0.0638584828848247,0,without_qqq_relative,0.4474349687430414
2025-05-31,CSCO,0.1005711983458699,0.0638584828848247,1,without_qqq_relative,0.4378993698456889
2025-05-31,GOOG,0.0274992731836682,0.0638584828848247,0,without_qqq_relative,0.3455627782444503
2025-05-31,GOOGL,0.0273863412731589,0.0638584828848247,0,without_qqq_relative,0.37230541646527127
2025-05-31,INTU,0.0453369160230405,0.0638584828848247,0,without_qqq_relative,0.4111468771416964
2025-05-31,META,0.140802054498849,0.0638584828848247,1,without_qqq_relative,0.3630091157636187
2025-05-31,MSFT,0.0804805734668925,0.0638584828848247,1,without_qqq_relative,0.48376417776379044
2025-05-31,NFLX,0.1092583423100148,0.0638584828848247,1,without_qqq_relative,0.4556957575220624
2025-05-31,NVDA,0.1692516955417806,0.0638584828848247,1,without_qqq_relative,0.3775674112313186
2025-05-31,PEP,0.0155101802790666,0.0638584828848247,0,without_qqq_relative,0.5541061643931662
2025-05-31,QCOM,0.1034205891671358,0.0638584828848247,1,without_qqq_relative,0.35272751764953936
2025-05-31,TSLA,-0.0831264460638392,0.0638584828848247,0,without_qqq_relative,0.4507272195908784
2025-05-31,TXN,0.1354663116087717,0.0638584828848247,1,without_qqq_relative,0.3349200434218104
2025-06-30,AAPL,0.0116977010484968,0.0242369186733282,0,without_qqq_relative,0.46567146490075034
2025-06-30,ADBE,-0.0754497572192908,0.0242369186733282,0,without_qqq_relative,0.445575274587694
2025-06-30,AMAT,-0.0164418137437969,0.0242369186733282,0,without_qqq_relative,0.4815397917068945
2025-06-30,AMD,0.2424947508257919,0.0242369186733282,1,without_qqq_relative,0.46654748019301423
2025-06-30,AMGN,0.0569106167026227,0.0242369186733282,1,without_qqq_relative,0.535294663898805
2025-06-30,AMZN,0.067095133149436,0.0242369186733282,1,without_qqq_relative,0.3217442317542012
2025-06-30,AVGO,0.0654816803055005,0.0242369186733282,1,without_qqq_relative,0.5844575916177552
2025-06-30,COST,-0.050811156751137,0.0242369186733282,0,without_qqq_relative,0.46662201866295194
2025-06-30,CSCO,-0.0128365499704157,0.0242369186733282,0,without_qqq_relative,0.4772330458989236
2025-06-30,GOOG,0.087208877525819,0.0242369186733282,1,without_qqq_relative,0.5318517919843883
2025-06-30,GOOGL,0.088917909913164,0.0242369186733282,1,without_qqq_relative,0.4918814357383747
2025-06-30,INTU,-0.0018251833716849,0.0242369186733282,0,without_qqq_relative,0.5636048812481975
2025-06-30,META,0.047893857332087,0.0242369186733282,1,without_qqq_relative,0.47594313986005865
2025-06-30,MSFT,0.0725558461078348,0.0242369186733282,1,without_qqq_relative,0.5470120104225944
2025-06-30,NFLX,-0.1342139500795455,0.0242369186733282,0,without_qqq_relative,0.6876478111776566
2025-06-30,NVDA,0.1258306729394935,0.0242369186733282,1,without_qqq_relative,0.5706583933488576
2025-06-30,PEP,0.0445318749952694,0.0242369186733282,1,without_qqq_relative,0.4953314866501378
2025-06-30,QCOM,-0.0784879949926715,0.0242369186733282,0,without_qqq_relative,0.38995609971522893
2025-06-30,TSLA,-0.0295599525914049,0.0242369186733282,0,without_qqq_relative,0.48977714159670993
2025-06-30,TXN,-0.1216227478027975,0.0242369186733282,0,without_qqq_relative,0.42842714675457555
2025-07-31,AAPL,0.1196389194803018,0.009539601296203,1,without_qqq_relative,0.49120303892518
2025-07-31,ADBE,-0.0027677324711841,0.009539601296203,0,without_qqq_relative,0.511822441541147
2025-07-31,AMAT,-0.104627632970725,0.009539601296203,0,without_qqq_relative,0.5998709158710978
2025-07-31,AMD,-0.0775905669854877,0.009539601296203,0,without_qqq_relative,0.6163149911158768
2025-07-31,AMGN,-0.0171332293102948,0.009539601296203,0,without_qqq_relative,0.5118680639990267
2025-07-31,AMZN,-0.0218273486695538,0.009539601296203,0,without_qqq_relative,0.44471229069746177
2025-07-31,AVGO,0.0125637968511274,0.009539601296203,1,without_qqq_relative,0.612109697234332
2025-07-31,COST,0.0053071794582035,0.009539601296203,0,without_qqq_relative,0.37245372504085916
2025-07-31,CSCO,0.0148353550797901,0.009539601296203,1,without_qqq_relative,0.571432716783826
2025-07-31,GOOG,0.1071762016293691,0.009539601296203,1,without_qqq_relative,0.5729923810291068
2025-07-31,GOOGL,0.1094840646563244,0.009539601296203,1,without_qqq_relative,0.574812471408091
2025-07-31,INTU,-0.1504591937607036,0.009539601296203,0,without_qqq_relative,0.38338817398613945
2025-07-31,META,-0.0449162370501456,0.009539601296203,0,without_qqq_relative,0.6164994768200641
2025-07-31,MSFT,-0.0486917118745919,0.009539601296203,0,without_qqq_relative,0.49038486882533533
2025-07-31,NFLX,0.0421338140759894,0.009539601296203,1,without_qqq_relative,0.5623951823788983
2025-07-31,NVDA,-0.0207454732826847,0.009539601296203,0,without_qqq_relative,0.5864016855102325
2025-07-31,PEP,0.0777986006766586,0.009539601296203,1,without_qqq_relative,0.4952793702502077
2025-07-31,QCOM,0.0951894829549846,0.009539601296203,1,without_qqq_relative,0.5620875186749602
2025-07-31,TSLA,0.0830441074897507,0.009539601296203,1,without_qqq_relative,0.4121543884920235
2025-07-31,TXN,0.1183033216341853,0.009539601296203,1,without_qqq_relative,0.5326805760992116
2025-08-31,AAPL,0.0968812192629327,0.0537623217326979,1,without_qqq_relative,0.5439214948550262
2025-08-31,ADBE,-0.0110737652701246,0.0537623217326979,0,without_qqq_relative,0.5501351719621462
2025-08-31,AMAT,0.2735755093113914,0.0537623217326979,1,without_qqq_relative,0.5209602829744491
2025-08-31,AMD,-0.0051651698423361,0.0537623217326979,0,without_qqq_relative,0.5281778499329629
2025-08-31,AMGN,-0.0191512289766477,0.0537623217326979,0,without_qqq_relative,0.5243378670029797
2025-08-31,AMZN,-0.041179007317822,0.0537623217326979,0,without_qqq_relative,0.5397466970820585
2025-08-31,AVGO,0.1112520962130114,0.0537623217326979,1,without_qqq_relative,0.6630025558610501
2025-08-31,COST,-0.0187528605992463,0.0537623217326979,0,without_qqq_relative,0.4451051501645604
2025-08-31,CSCO,-0.0096973023724492,0.0537623217326979,0,without_qqq_relative,0.5735993163439449
2025-08-31,GOOG,0.1416086578417525,0.0537623217326979,1,without_qqq_relative,0.5960303412303568
2025-08-31,GOOGL,0.1428183421128872,0.0537623217326979,1,without_qqq_relative,0.5616150144079908
2025-08-31,INTU,0.023853112192002,0.0537623217326979,0,without_qqq_relative,0.5531913898531797
2025-08-31,META,-0.0051771804501959,0.0537623217326979,0,without_qqq_relative,0.5220016908524936
2025-08-31,MSFT,0.0222226828637941,0.0537623217326979,0,without_qqq_relative,0.5932463775907485
2025-08-31,NFLX,-0.0077219009376532,0.0537623217326979,0,without_qqq_relative,0.4585413714232536
2025-08-31,NVDA,0.0712511196392733,0.0537623217326979,1,without_qqq_relative,0.5946101008923634
2025-08-31,PEP,-0.045988077781585,0.0537623217326979,0,without_qqq_relative,0.5634664852278368
2025-08-31,QCOM,0.0409178097913875,0.0537623217326979,0,without_qqq_relative,0.49591670851424074
2025-08-31,TSLA,0.3320154782540658,0.0537623217326979,1,without_qqq_relative,0.44506998787742824
2025-08-31,TXN,-0.0926016830726043,0.0537623217326979,0,without_qqq_relative,0.5007931298532717
2025-09-30,AAPL,0.061815207668346,0.0478038018648532,1,without_qqq_relative,0.5783787681367634
2025-09-30,ADBE,-0.0352657758792525,0.0478038018648532,0,without_qqq_relative,0.5322428975995778
2025-09-30,AMAT,0.1385171454787337,0.0478038018648532,1,without_qqq_relative,0.5381479736612792
2025-09-30,AMD,0.5830397783886911,0.0478038018648532,1,without_qqq_relative,0.5051439956100365
2025-09-30,AMGN,0.0575123992858435,0.0478038018648532,1,without_qqq_relative,0.4840175053108306
2025-09-30,AMZN,0.1122648498166054,0.0478038018648532,1,without_qqq_relative,0.5311671380345563
2025-09-30,AVGO,0.1203965118934498,0.0478038018648532,1,without_qqq_relative,0.49743814692526644
2025-09-30,COST,-0.0139262112834579,0.0478038018648532,0,without_qqq_relative,0.5402664433214718
2025-09-30,CSCO,0.0749992601883446,0.0478038018648532,1,without_qqq_relative,0.4787216604603926
2025-09-30,GOOG,0.1571341494419047,0.0478038018648532,1,without_qqq_relative,0.5033636581657588
2025-09-30,GOOGL,0.1566844484934648,0.0478038018648532,1,without_qqq_relative,0.48534989409515333
2025-09-30,INTU,-0.0207055033133902,0.0478038018648532,0,without_qqq_relative,0.4890493207586375
2025-09-30,META,-0.1171464333124543,0.0478038018648532,0,without_qqq_relative,0.4447952862105505
2025-09-30,MSFT,-0.0002703764529621,0.0478038018648532,0,without_qqq_relative,0.5543804314453913
2025-09-30,NFLX,-0.0667767392171451,0.0478038018648532,0,without_qqq_relative,0.5350924772641829
2025-09-30,NVDA,0.0852717678839181,0.0478038018648532,1,without_qqq_relative,0.5383292959229601
2025-09-30,PEP,0.0402306185589036,0.0478038018648532,0,without_qqq_relative,0.471342043585357
2025-09-30,QCOM,0.0874007511256687,0.0478038018648532,1,without_qqq_relative,0.453478280108165
2025-09-30,TSLA,0.026623485126352,0.0478038018648532,0,without_qqq_relative,0.6085155224151496
2025-09-30,TXN,-0.1133666144757457,0.0478038018648532,0,without_qqq_relative,0.4738937403980817
2025-10-31,AAPL,0.0323641735556694,-0.0156103125344173,1,without_qqq_relative,0.4686348772916107
2025-10-31,ADBE,-0.0592988534587692,-0.0156103125344173,0,without_qqq_relative,0.4591132491346707
2025-10-31,AMAT,0.0842748311044161,-0.0156103125344173,1,without_qqq_relative,0.425471193161864
2025-10-31,AMD,-0.1506715487802262,-0.0156103125344173,0,without_qqq_relative,0.4983106564972081
2025-10-31,AMGN,0.1658477012755297,-0.0156103125344173,1,without_qqq_relative,0.5517442292175393
2025-10-31,AMZN,-0.0450413559291534,-0.0156103125344173,0,without_qqq_relative,0.5842519640199932
2025-10-31,AVGO,0.0901711705481083,-0.0156103125344173,1,without_qqq_relative,0.4922215120901482
2025-10-31,COST,0.0023479613753503,-0.0156103125344173,1,without_qqq_relative,0.45512608677323463
2025-10-31,CSCO,0.0523869596128732,-0.0156103125344173,1,without_qqq_relative,0.43722959625894103
2025-10-31,GOOG,0.1359020785724563,-0.0156103125344173,1,without_qqq_relative,0.6549166935248087
2025-10-31,GOOGL,0.1386606475547467,-0.0156103125344173,1,without_qqq_relative,0.6326619551592937
2025-10-31,INTU,-0.0501385181648083,-0.0156103125344173,0,without_qqq_relative,0.5113903533711619
2025-10-31,META,-0.0006168941794297,-0.0156103125344173,1,without_qqq_relative,0.5743039143357229
2025-10-31,MSFT,-0.0480467906235131,-0.0156103125344173,0,without_qqq_relative,0.5345318087037059
2025-10-31,NFLX,-0.0384855986878255,-0.0156103125344173,0,without_qqq_relative,0.4183753019807554
2025-10-31,NVDA,-0.1258827775133191,-0.0156103125344173,0,without_qqq_relative,0.5121426214568415
2025-10-31,PEP,0.0181395642422692,-0.0156103125344173,1,without_qqq_relative,0.48436738003095303
2025-10-31,QCOM,-0.070812533929409,-0.0156103125344173,0,without_qqq_relative,0.6361225268365975
2025-10-31,TSLA,-0.0578017878744897,-0.0156103125344173,0,without_qqq_relative,0.5794165767911099
2025-10-31,TXN,0.0421775930556937,-0.0156103125344173,1,without_qqq_relative,0.4942818006768665
2025-11-30,AAPL,-0.0250672886268734,-0.006699365349315,0,without_qqq_relative,0.5594941844255714
2025-11-30,ADBE,0.0932745600103717,-0.006699365349315,1,without_qqq_relative,0.4984076132089856
2025-11-30,AMAT,0.018790852645824,-0.006699365349315,1,without_qqq_relative,0.6066287450752152
2025-11-30,AMD,-0.0154920936702926,-0.006699365349315,0,without_qqq_relative,0.49984027521404206
2025-11-30,AMGN,-0.0525386731309793,-0.006699365349315,0,without_qqq_relative,0.5062850282216705
2025-11-30,AMZN,-0.0102906864073514,-0.006699365349315,0,without_qqq_relative,0.4641781187770913
2025-11-30,AVGO,-0.1394624026139842,-0.006699365349315,0,without_qqq_relative,0.4752061331241863
2025-11-30,COST,-0.0560973403777791,-0.006699365349315,0,without_qqq_relative,0.5394930469316874
2025-11-30,CSCO,0.0011697467886038,-0.006699365349315,1,without_qqq_relative,0.48317728749943467
2025-11-30,GOOG,-0.0191029452093197,-0.006699365349315,0,without_qqq_relative,0.5731524879033337
2025-11-30,GOOGL,-0.0217854356294473,-0.006699365349315,0,without_qqq_relative,0.573286384633988
2025-11-30,INTU,0.0446946312673244,-0.006699365349315,1,without_qqq_relative,0.40814662400913815
2025-11-30,META,0.0195668422097461,-0.006699365349315,1,without_qqq_relative,0.5514138819466601
2025-11-30,MSFT,-0.017052520929609,-0.006699365349315,0,without_qqq_relative,0.46091126140239114
2025-11-30,NFLX,-0.1284625344822668,-0.006699365349315,0,without_qqq_relative,0.4415309701837882
2025-11-30,NVDA,0.0537309315347924,-0.006699365349315,1,without_qqq_relative,0.6327601840568415
2025-11-30,PEP,-0.0256571712707275,-0.006699365349315,0,without_qqq_relative,0.46118859650610017
2025-11-30,QCOM,0.0228093174974415,-0.006699365349315,1,without_qqq_relative,0.45691117957181027
2025-11-30,TSLA,0.0454471190057812,-0.006699365349315,1,without_qqq_relative,0.516377836278862
2025-11-30,TXN,0.0310215514564426,-0.006699365349315,1,without_qqq_relative,0.5441383026890679
2025-12-31,AAPL,-0.0455380852534945,0.0123065646397895,0,without_qqq_relative,0.6113128087530296
2025-12-31,ADBE,-0.1621188943043153,0.0123065646397895,0,without_qqq_relative,0.47215657579985465
2025-12-31,AMAT,0.2542123227822093,0.0123065646397895,1,without_qqq_relative,0.6179704605725419
2025-12-31,AMD,0.1053884557316289,0.0123065646397895,1,without_qqq_relative,0.4960751498328771
2025-12-31,AMGN,0.0445145017961234,0.0123065646397895,1,without_qqq_relative,0.49237651305778884
2025-12-31,AMZN,0.0367385645024598,0.0123065646397895,1,without_qqq_relative,0.44065301872988927
2025-12-31,AVGO,-0.0427621654672941,0.0123065646397895,0,without_qqq_relative,0.5681832208088643
2025-12-31,COST,0.0918366644400849,0.0123065646397895,1,without_qqq_relative,0.443176613581849
2025-12-31,CSCO,0.0221872633809263,0.0123065646397895,1,without_qqq_relative,0.47189636049789546
2025-12-31,GOOG,0.0788082474752849,0.0123065646397895,1,without_qqq_relative,0.6521001540085133
2025-12-31,GOOGL,0.0798721982346861,0.0123065646397895,1,without_qqq_relative,0.6379591667938985
2025-12-31,INTU,-0.2454350457313868,0.0123065646397895,0,without_qqq_relative,0.44269085909361344
2025-12-31,META,0.0854580689253095,0.0123065646397895,1,without_qqq_relative,0.5137622711246275
2025-12-31,MSFT,-0.1102725416573149,0.0123065646397895,0,without_qqq_relative,0.44457867647573596
2025-12-31,NFLX,-0.1095350260075607,0.0123065646397895,0,without_qqq_relative,0.5278293681331172
2025-12-31,NVDA,0.0248258171525319,0.0123065646397895,1,without_qqq_relative,0.4719448334405255
2025-12-31,PEP,0.0704431840082866,0.0123065646397895,1,without_qqq_relative,0.4664416510236427
2025-12-31,QCOM,-0.1137679419887411,0.0123065646397895,0,without_qqq_relative,0.4792662585466027
2025-12-31,TSLA,-0.0429378224365815,0.0123065646397895,0,without_qqq_relative,0.40809246124627135
2025-12-31,TXN,0.250544398871003,0.0123065646397895,1,without_qqq_relative,0.5190399168779116
2026-01-31,AAPL,0.0190657972612526,-0.023445512550915,1,without_qqq_relative,0.416143108206225
2026-01-31,ADBE,-0.1051662279211956,-0.023445512550915,0,without_qqq_relative,0.6463404013417986
2026-01-31,AMAT,0.156503769293407,-0.023445512550915,1,without_qqq_relative,0.5526887202714994
2026-01-31,AMD,-0.1542685323903946,-0.023445512550915,0,without_qqq_relative,0.39777592710009857
2026-01-31,AMGN,0.1432362323324021,-0.023445512550915,1,without_qqq_relative,0.5818698733599403
2026-01-31,AMZN,-0.1224404625077274,-0.023445512550915,0,without_qqq_relative,0.4622936947240685
2026-01-31,AVGO,-0.0354663539257567,-0.023445512550915,0,without_qqq_relative,0.44497848237997395
2026-01-31,COST,0.0750226146390742,-0.023445512550915,1,without_qqq_relative,0.4406814940014652
2026-01-31,CSCO,0.0145556817275827,-0.023445512550915,1,without_qqq_relative,0.4485502925669126
2026-01-31,GOOG,-0.0800520829807351,-0.023445512550915,0,without_qqq_relative,0.5674476462074908
2026-01-31,GOOGL,-0.0776330856383754,-0.023445512550915,0,without_qqq_relative,0.5491987949216549
2026-01-31,INTU,-0.1801692270364647,-0.023445512550915,0,without_qqq_relative,0.6512039105632079
2026-01-31,META,-0.0953524306949691,-0.023445512550915,0,without_qqq_relative,0.42888394891160364
2026-01-31,MSFT,-0.0851834667392735,-0.023445512550915,0,without_qqq_relative,0.5404894388114267
2026-01-31,NFLX,0.1527129036558863,-0.023445512550915,1,without_qqq_relative,0.47902961536265576
2026-01-31,NVDA,-0.072934655525534,-0.023445512550915,0,without_qqq_relative,0.5624001650506074
2026-01-31,PEP,0.1048623309826402,-0.023445512550915,1,without_qqq_relative,0.5855255087294085
2026-01-31,QCOM,-0.0608879602232864,-0.023445512550915,0,without_qqq_relative,0.5476748494980959
2026-01-31,TSLA,-0.0648218992567539,-0.023445512550915,0,without_qqq_relative,0.4641401291099522
2026-01-31,TXN,-0.0159591646198673,-0.023445512550915,1,without_qqq_relative,0.5991765535928721
2026-02-28,AAPL,-0.0393292873989353,-0.04838249516441,1,without_qqq_relative,0.41890783756107786
2026-02-28,ADBE,-0.0736633571940529,-0.04838249516441,0,without_qqq_relative,0.6397600043029851
2026-02-28,AMAT,-0.0819500115680905,-0.04838249516441,0,without_qqq_relative,0.5376249900087022
2026-02-28,AMD,0.016083042075494,-0.04838249516441,1,without_qqq_relative,0.5357420720649361
2026-02-28,AMGN,-0.0935438483422475,-0.04838249516441,0,without_qqq_relative,0.5771873307100891
2026-02-28,AMZN,-0.0082380748930432,-0.04838249516441,1,without_qqq_relative,0.6587438606806972
2026-02-28,AVGO,-0.0293873502480307,-0.04838249516441,1,without_qqq_relative,0.5169870160798389
2026-02-28,COST,-0.0142067492187719,-0.04838249516441,1,without_qqq_relative,0.527456531544885
2026-02-28,CSCO,-0.0235338473652071,-0.04838249516441,1,without_qqq_relative,0.5010627272706775
2026-02-28,GOOG,-0.0782452642465085,-0.04838249516441,0,without_qqq_relative,0.5929457588699815
2026-02-28,GOOGL,-0.0769745802781913,-0.04838249516441,0,without_qqq_relative,0.5881246051558443
2026-02-28,INTU,0.0570863065314828,-0.04838249516441,1,without_qqq_relative,0.6259753556356076
2026-02-28,META,-0.1165727797272506,-0.04838249516441,0,without_qqq_relative,0.49480864388546775
2026-02-28,MSFT,-0.0574680152016615,-0.04838249516441,0,without_qqq_relative,0.5977871499543248
2026-02-28,NFLX,-0.0009351240636767,-0.04838249516441,1,without_qqq_relative,0.5533062125102428
2026-02-28,NVDA,-0.0156925510196515,-0.04838249516441,1,without_qqq_relative,0.5114203843860251
2026-02-28,PEP,-0.0769567063191792,-0.04838249516441,0,without_qqq_relative,0.531397725762142
2026-02-28,QCOM,-0.0895839606291548,-0.04838249516441,0,without_qqq_relative,0.5697888630939912
2026-02-28,TSLA,-0.0764204840111579,-0.04838249516441,0,without_qqq_relative,0.5300075768627188
2026-02-28,TXN,-0.0847201709083944,-0.04838249516441,0,without_qqq_relative,0.5627563396544029
2026-03-31,AAPL,0.0691911950066288,0.1569007687376087,0,without_qqq_relative,0.44955667449683906
2026-03-31,ADBE,0.0124239108512096,0.1569007687376087,0,without_qqq_relative,0.6377498298798842
2026-03-31,AMAT,0.1541881994148153,0.1569007687376087,0,without_qqq_relative,0.4444650936191343
2026-03-31,AMD,0.7425650248110034,0.1569007687376087,1,without_qqq_relative,0.47791683365096316
2026-03-31,AMGN,-0.0159159172280719,0.1569007687376087,0,without_qqq_relative,0.5295939349728768
2026-03-31,AMZN,0.2726748553374951,0.1569007687376087,1,without_qqq_relative,0.5443147774034433
2026-03-31,AVGO,0.3486801004700972,0.1569007687376087,1,without_qqq_relative,0.40873085904194095
2026-03-31,COST,0.0181649277438011,0.1569007687376087,0,without_qqq_relative,0.5073770811940792
2026-03-31,CSCO,0.1856658589490689,0.1569007687376087,1,without_qqq_relative,0.5403793270759064
2026-03-31,GOOG,0.3314509609892264,0.1569007687376087,1,without_qqq_relative,0.575489258043854
2026-03-31,GOOGL,0.3381554975124616,0.1569007687376087,1,without_qqq_relative,0.5485734609606792
2026-03-31,INTU,-0.098708126210196,0.1569007687376087,0,without_qqq_relative,0.5728140979827159
2026-03-31,META,0.0695296514782868,0.1569007687376087,0,without_qqq_relative,0.4737397985480649
2026-03-31,MSFT,0.1016019642556758,0.1569007687376087,0,without_qqq_relative,0.5900681846919482
2026-03-31,NFLX,-0.0264170657848996,0.1569007687376087,0,without_qqq_relative,0.5072029011095558
2026-03-31,NVDA,0.1443234085538123,0.1569007687376087,0,without_qqq_relative,0.48955875612149014
2026-03-31,PEP,0.020606633260273,0.1569007687376087,0,without_qqq_relative,0.4688890135547279
2026-03-31,QCOM,0.3944712296321808,0.1569007687376087,1,without_qqq_relative,0.6259273903682329
2026-03-31,TSLA,0.0265770138071621,0.1569007687376087,0,without_qqq_relative,0.516698347284072
2026-03-31,TXN,0.4478210837502554,0.1569007687376087,1,without_qqq_relative,0.5170177324275589
2026-04-30,AAPL,0.1510870878118577,0.1056848850894773,1,without_qqq_relative,0.42477499314175904
2026-04-30,ADBE,0.0532709671939144,0.1056848850894773,0,without_qqq_relative,0.5554383631539358
2026-04-30,AMAT,0.1422837269040517,0.1056848850894773,1,without_qqq_relative,0.45158970287494155
2026-04-30,AMD,0.4558943547170746,0.1056848850894773,1,without_qqq_relative,0.5076196072008586
2026-04-30,AMGN,-0.0199761404166848,0.1056848850894773,0,without_qqq_relative,0.485172193965622
2026-04-30,AMZN,0.0210519019891346,0.1056848850894773,0,without_qqq_relative,0.5984604727035939
2026-04-30,AVGO,0.0702872400219907,0.1056848850894773,0,without_qqq_relative,0.5948457148258841
2026-04-30,COST,-0.0560085759854093,0.1056848850894773,0,without_qqq_relative,0.41152870051861845
2026-04-30,CSCO,0.3160655117551401,0.1056848850894773,1,without_qqq_relative,0.5868556705637129
2026-04-30,GOOG,-0.0144263433249531,0.1056848850894773,0,without_qqq_relative,0.5863421892757269
2026-04-30,GOOGL,-0.0115904338806527,0.1056848850894773,0,without_qqq_relative,0.5663520860931467
2026-04-30,INTU,-0.1466409188727515,0.1056848850894773,0,without_qqq_relative,0.5622596348611705
2026-04-30,META,0.0336650942218894,0.1056848850894773,0,without_qqq_relative,0.4117234045906796
2026-04-30,MSFT,0.1065161348048717,0.1056848850894773,1,without_qqq_relative,0.5322023774508031
2026-04-30,NFLX,-0.0810811229334169,0.1056848850894773,0,without_qqq_relative,0.4770577283347106
2026-04-30,NVDA,0.0579746588165734,0.1056848850894773,0,without_qqq_relative,0.4166917834508048
2026-04-30,PEP,-0.0902264673073079,0.1056848850894773,0,without_qqq_relative,0.41322629865406296
2026-04-30,QCOM,0.3978171097936005,0.1056848850894773,1,without_qqq_relative,0.4804735310568509
2026-04-30,TSLA,0.141917571912985,0.1056848850894773,1,without_qqq_relative,0.4732999580613179
2026-04-30,TXN,0.0930453268254547,0.1056848850894773,0,without_qqq_relative,0.5799745363775245
2026-05-31,AAPL,-0.0727424610159107,-0.001490831230688,0,without_qqq_relative,0.563800243648899
2026-05-31,ADBE,-0.2090582499479326,-0.001490831230688,0,without_qqq_relative,0.5649747071839819
2026-05-31,AMAT,0.6064524817180001,-0.001490831230688,1,without_qqq_relative,0.4229979949020115
2026-05-31,AMD,0.1255764398845664,-0.001490831230688,1,without_qqq_relative,0.5452966456569589
2026-05-31,AMGN,0.0752100297799869,-0.001490831230688,1,without_qqq_relative,0.48820827899769575
2026-05-31,AMZN,-0.1193467948651447,-0.001490831230688,0,without_qqq_relative,0.5112619670762357
2026-05-31,AVGO,-0.1531484762625794,-0.001490831230688,0,without_qqq_relative,0.5935214777104845
2026-05-31,COST,-0.0218023637081818,-0.001490831230688,0,without_qqq_relative,0.4784476635793225
2026-05-31,CSCO,-0.0245806259437284,-0.001490831230688,0,without_qqq_relative,0.6490699339307668
2026-05-31,GOOG,-0.0608011120557968,-0.001490831230688,0,without_qqq_relative,0.5397788180997671
2026-05-31,GOOGL,-0.0598320859768355,-0.001490831230688,0,without_qqq_relative,0.5128215158934905
2026-05-31,INTU,-0.2127409641478356,-0.001490831230688,0,without_qqq_relative,0.6263734019389713
2026-05-31,META,-0.1086116431936491,-0.001490831230688,0,without_qqq_relative,0.40486676885661305
2026-05-31,MSFT,-0.1715085352158653,-0.001490831230688,0,without_qqq_relative,0.5393577767795632
2026-05-31,NFLX,-0.1699604241773233,-0.001490831230688,0,without_qqq_relative,0.43450992331527505
2026-05-31,NVDA,-0.0512304934107208,-0.001490831230688,0,without_qqq_relative,0.5133369206407278
2026-05-31,PEP,-0.0510816146417201,-0.001490831230688,0,without_qqq_relative,0.4344008377967385
2026-05-31,QCOM,-0.2611245912981512,-0.001490831230688,0,without_qqq_relative,0.49874968418514176
2026-05-31,TSLA,-0.0348562430151274,-0.001490831230688,0,without_qqq_relative,0.44171265034465923
2026-05-31,TXN,-0.0248952680381473,-0.001490831230688,0,without_qqq_relative,0.6703031323762955
2026-06-30,AAPL,0.1286633013237643,-0.0547800455161126,1,without_qqq_relative,0.4645864479546747
2026-06-30,ADBE,0.1449614701071162,-0.0547800455161126,1,without_qqq_relative,0.6553985279071803
2026-06-30,AMAT,-0.2728907161728475,-0.0547800455161126,0,without_qqq_relative,0.5600351711759599
2026-06-30,AMD,-0.1331358892009763,-0.0547800455161126,0,without_qqq_relative,0.4140194290377264
2026-06-30,AMGN,0.0056611574566145,-0.0547800455161126,1,without_qqq_relative,0.5069886038406415
2026-06-30,AMZN,0.0488797907790408,-0.0547800455161126,1,without_qqq_relative,0.5687954800403602
2026-06-30,AVGO,0.0010853836190849,-0.0547800455161126,1,without_qqq_relative,0.5035964960738898
2026-06-30,COST,0.0003527821310989,-0.0547800455161126,1,without_qqq_relative,0.4600089465038832
2026-06-30,CSCO,-0.0540258699492648,-0.0547800455161126,1,without_qqq_relative,0.6558876740859957
2026-06-30,GOOG,-0.0055471981704481,-0.0547800455161126,1,without_qqq_relative,0.4943288213164038
2026-06-30,GOOGL,-0.0150544392543316,-0.0547800455161126,1,without_qqq_relative,0.4902076919411098
2026-06-30,INTU,0.1307339164013421,-0.0547800455161126,1,without_qqq_relative,0.6838984356846683
2026-06-30,META,0.1465674888229344,-0.0547800455161126,1,without_qqq_relative,0.4699902356765027
2026-06-30,MSFT,0.0784676971565112,-0.0547800455161126,1,without_qqq_relative,0.636007878871562
2026-06-30,NFLX,-0.0532213301197269,-0.0547800455161126,1,without_qqq_relative,0.6625163977516075
2026-06-30,NVDA,0.0159428382217534,-0.0547800455161126,1,without_qqq_relative,0.402057846422677
2026-06-30,PEP,0.0004432261454065,-0.0547800455161126,1,without_qqq_relative,0.47832230050291447
2026-06-30,QCOM,-0.0783050299672256,-0.0547800455161126,0,without_qqq_relative,0.5362567504760999
2026-06-30,TSLA,-0.1213266715139742,-0.0547800455161126,0,without_qqq_relative,0.34878201396601727
2026-06-30,TXN,-0.0469688316703794,-0.0547800455161126,1,without_qqq_relative,0.48500517227939144
